CUST_ID,cluster
C10001,0
C10002,2
C10003,0
C10004,0
C10005,0
C10006,0
C10007,1
C10008,0
C10009,0
C10010,0
C10011,0
C10012,0
C10013,1
C10014,0
C10015,0
C10016,2
C10017,0
C10018,0
C10019,0
C10020,0
C10021,0
C10022,1
C10023,0
C10024,2
C10025,2
C10026,0
C10027,0
C10028,0
C10029,2
C10030,0
C10031,2
C10032,0
C10033,2
C10034,0
C10035,1
C10036,0
C10037,2
C10038,1
C10039,2
C10040,2
C10041,0
C10043,0
C10044,0
C10045,0
C10046,1
C10047,0
C10048,0
C10049,2
C10050,1
C10051,0
C10052,2
C10053,0
C10054,0
C10055,0
C10056,0
C10057,0
C10058,2
C10059,1
C10060,0
C10061,2
C10062,0
C10063,0
C10064,2
C10065,0
C10067,1
C10068,0
C10069,0
C10070,0
C10071,0
C10072,0
C10073,2
C10074,2
C10075,0
C10077,0
C10078,0
C10079,0
C10080,1
C10081,0
C10082,0
C10083,2
C10084,0
C10085,0
C10086,0
C10087,0
C10088,1
C10089,1
C10090,2
C10092,2
C10093,0
C10094,2
C10095,1
C10096,2
C10097,0
C10098,0
C10099,0
C10100,0
C10101,0
C10102,2
C10103,0
C10104,0
C10105,0
C10106,0
C10107,1
C10108,0
C10109,0
C10110,0
C10111,0
C10112,2
C10113,0
C10114,1
C10115,0
C10116,0
C10117,1
C10118,2
C10119,0
C10120,0
C10121,0
C10122,0
C10123,0
C10124,0
C10125,1
C10126,0
C10127,1
C10128,0
C10130,2
C10131,1
C10132,0
C10133,0
C10134,2
C10135,0
C10136,0
C10137,0
C10138,0
C10139,2
C10140,0
C10141,0
C10142,1
C10143,0
C10144,1
C10145,0
C10146,0
C10147,0
C10148,2
C10149,1
C10150,1
C10151,0
C10152,0
C10153,0
C10154,0
C10155,0
C10156,1
C10157,1
C10158,0
C10159,1
C10160,1
C10161,0
C10162,2
C10163,0
C10164,1
C10165,0
C10166,2
C10167,0
C10168,0
C10169,0
C10170,0
C10171,0
C10172,0
C10173,1
C10174,0
C10175,0
C10176,2
C10177,1
C10178,0
C10179,2
C10180,1
C10181,0
C10182,0
C10183,2
C10184,1
C10185,0
C10186,1
C10187,0
C10188,2
C10189,0
C10190,0
C10191,0
C10192,0
C10193,0
C10194,0
C10196,0
C10197,0
C10198,0
C10199,0
C10200,0
C10201,0
C10202,1
C10203,1
C10204,1
C10205,0
C10206,2
C10207,0
C10208,0
C10209,0
C10211,2
C10212,1
C10213,0
C10214,2
C10215,2
C10216,2
C10217,0
C10218,2
C10219,0
C10220,0
C10221,0
C10222,0
C10223,0
C10224,0
C10226,0
C10227,2
C10228,1
C10229,1
C10230,1
C10231,0
C10232,1
C10233,1
C10234,0
C10235,1
C10236,1
C10237,0
C10238,1
C10239,0
C10240,0
C10241,0
C10242,0
C10243,1
C10244,0
C10245,2
C10246,0
C10247,0
C10248,0
C10249,2
C10250,0
C10251,1
C10252,0
C10253,1
C10254,0
C10255,1
C10256,0
C10257,2
C10258,1
C10259,2
C10260,0
C10261,0
C10262,1
C10263,2
C10265,0
C10266,0
C10267,1
C10269,1
C10270,0
C10271,0
C10272,1
C10273,1
C10274,1
C10275,0
C10276,1
C10277,1
C10278,0
C10279,0
C10280,1
C10281,1
C10282,2
C10283,1
C10284,1
C10285,2
C10286,0
C10287,0
C10288,0
C10289,0
C10290,0
C10291,1
C10292,0
C10293,0
C10294,1
C10295,0
C10296,2
C10297,0
C10298,0
C10299,0
C10300,2
C10301,1
C10302,2
C10303,0
C10304,2
C10305,0
C10306,1
C10307,2
C10308,2
C10309,0
C10310,0
C10311,2
C10312,1
C10313,2
C10314,0
C10315,2
C10316,1
C10317,1
C10318,0
C10319,0
C10320,0
C10321,1
C10322,1
C10323,1
C10324,0
C10325,0
C10326,0
C10327,2
C10328,0
C10329,0
C10330,0
C10331,2
C10332,2
C10333,2
C10334,0
C10335,2
C10336,0
C10337,1
C10338,0
C10339,0
C10340,1
C10341,0
C10342,0
C10343,1
C10344,1
C10345,2
C10346,2
C10347,0
C10348,1
C10349,0
C10350,0
C10351,0
C10352,2
C10353,0
C10354,0
C10355,1
C10356,0
C10357,0
C10358,0
C10359,2
C10360,0
C10361,0
C10362,1
C10364,2
C10365,0
C10366,0
C10367,1
C10368,1
C10369,2
C10370,0
C10371,0
C10372,0
C10373,0
C10374,0
C10375,1
C10376,0
C10377,0
C10378,0
C10379,1
C10380,2
C10381,2
C10382,1
C10383,2
C10384,0
C10385,1
C10386,0
C10387,0
C10388,1
C10389,0
C10390,0
C10391,0
C10392,2
C10393,0
C10395,0
C10396,0
C10397,1
C10398,0
C10399,0
C10400,2
C10402,0
C10403,0
C10404,0
C10405,0
C10406,0
C10407,1
C10408,0
C10409,0
C10410,0
C10411,0
C10412,2
C10413,0
C10414,0
C10415,0
C10416,2
C10417,1
C10419,2
C10420,0
C10421,0
C10422,0
C10423,2
C10424,0
C10425,0
C10426,1
C10427,0
C10428,2
C10429,0
C10430,1
C10431,2
C10432,1
C10433,0
C10434,0
C10435,0
C10436,0
C10437,2
C10438,1
C10439,2
C10441,0
C10442,0
C10443,0
C10444,2
C10445,2
C10446,2
C10447,2
C10448,0
C10449,2
C10450,0
C10451,2
C10452,0
C10453,1
C10454,0
C10455,2
C10456,0
C10457,2
C10458,0
C10459,0
C10460,1
C10461,1
C10462,0
C10463,0
C10466,0
C10467,0
C10468,0
C10469,1
C10470,1
C10471,2
C10472,0
C10473,0
C10474,0
C10475,0
C10476,0
C10477,1
C10478,1
C10480,1
C10481,0
C10482,0
C10483,0
C10484,2
C10485,0
C10486,0
C10487,1
C10488,0
C10489,2
C10490,2
C10491,1
C10492,0
C10493,0
C10494,0
C10495,0
C10497,1
C10498,0
C10501,0
C10502,0
C10503,1
C10504,2
C10505,0
C10506,1
C10507,1
C10508,2
C10509,1
C10510,2
C10511,1
C10512,1
C10513,2
C10514,1
C10515,0
C10516,0
C10517,2
C10518,0
C10519,2
C10520,0
C10521,0
C10522,0
C10523,1
C10524,0
C10525,0
C10526,0
C10527,0
C10528,0
C10529,1
C10530,0
C10532,1
C10533,0
C10534,1
C10535,2
C10536,0
C10537,1
C10538,1
C10539,2
C10540,0
C10542,0
C10543,0
C10544,2
C10545,1
C10546,0
C10547,0
C10548,1
C10549,0
C10550,2
C10551,2
C10552,0
C10553,0
C10554,0
C10555,1
C10556,0
C10557,0
C10558,1
C10559,0
C10560,1
C10561,2
C10562,0
C10563,2
C10564,0
C10565,0
C10566,2
C10567,0
C10568,1
C10569,1
C10570,1
C10571,0
C10572,1
C10573,0
C10574,1
C10575,1
C10576,2
C10577,0
C10578,2
C10579,0
C10580,0
C10581,2
C10582,2
C10583,0
C10584,1
C10585,0
C10586,0
C10587,1
C10588,0
C10589,1
C10590,0
C10591,1
C10592,0
C10593,2
C10594,0
C10595,2
C10596,0
C10597,0
C10598,1
C10599,0
C10600,2
C10601,2
C10602,0
C10603,0
C10604,2
C10605,1
C10606,2
C10607,2
C10608,1
C10609,1
C10610,0
C10611,1
C10612,0
C10613,2
C10615,0
C10616,1
C10617,0
C10618,2
C10619,0
C10620,0
C10621,0
C10622,1
C10623,1
C10624,0
C10625,2
C10626,0
C10627,2
C10628,0
C10629,0
C10630,0
C10631,2
C10632,0
C10633,2
C10634,1
C10635,2
C10636,0
C10637,1
C10638,1
C10639,0
C10640,2
C10641,1
C10642,0
C10643,0
C10644,1
C10645,1
C10646,0
C10647,1
C10648,0
C10649,1
C10650,0
C10651,0
C10652,0
C10653,1
C10654,1
C10655,0
C10656,0
C10657,0
C10658,2
C10659,2
C10660,0
C10661,0
C10662,2
C10663,0
C10665,1
C10666,1
C10667,2
C10668,1
C10669,1
C10670,1
C10671,1
C10672,2
C10673,1
C10674,2
C10675,0
C10676,0
C10677,1
C10678,1
C10679,0
C10680,0
C10681,1
C10682,1
C10683,0
C10684,1
C10685,0
C10686,0
C10688,1
C10689,1
C10690,0
C10691,1
C10692,0
C10693,0
C10694,0
C10695,1
C10696,1
C10697,0
C10698,2
C10699,1
C10700,0
C10701,2
C10702,0
C10703,2
C10704,1
C10705,0
C10706,2
C10707,0
C10708,2
C10709,0
C10710,0
C10711,0
C10712,0
C10713,0
C10714,0
C10715,0
C10716,0
C10717,1
C10718,0
C10719,0
C10720,1
C10721,0
C10722,0
C10723,2
C10724,0
C10725,1
C10726,0
C10727,2
C10728,0
C10729,2
C10730,0
C10731,1
C10732,0
C10733,0
C10734,2
C10735,1
C10736,1
C10737,2
C10738,0
C10739,1
C10740,0
C10741,0
C10742,2
C10743,2
C10744,0
C10745,0
C10746,0
C10747,0
C10748,2
C10749,0
C10750,2
C10751,0
C10752,1
C10753,1
C10754,2
C10755,0
C10756,1
C10757,0
C10758,0
C10759,2
C10760,1
C10761,1
C10762,2
C10763,0
C10764,0
C10765,0
C10766,2
C10767,0
C10768,0
C10769,2
C10770,2
C10771,0
C10772,0
C10773,0
C10774,0
C10775,0
C10776,1
C10777,2
C10779,0
C10780,2
C10781,2
C10782,2
C10783,2
C10784,2
C10785,2
C10786,0
C10787,1
C10788,2
C10789,0
C10790,2
C10791,2
C10792,0
C10793,0
C10794,0
C10795,0
C10796,2
C10797,1
C10798,0
C10799,1
C10800,0
C10801,0
C10803,0
C10804,0
C10805,1
C10806,1
C10807,0
C10808,1
C10809,2
C10810,0
C10811,1
C10812,1
C10813,0
C10814,0
C10815,2
C10816,0
C10817,2
C10818,2
C10819,0
C10820,0
C10821,2
C10822,0
C10823,0
C10824,0
C10825,0
C10826,0
C10827,0
C10828,0
C10829,2
C10830,1
C10831,0
C10832,2
C10833,0
C10834,0
C10835,1
C10836,1
C10837,0
C10838,0
C10839,2
C10840,0
C10841,2
C10843,0
C10844,0
C10845,0
C10846,0
C10847,0
C10848,0
C10849,2
C10850,0
C10852,0
C10853,0
C10854,0
C10855,1
C10856,0
C10857,2
C10858,0
C10859,0
C10860,2
C10861,2
C10862,0
C10863,0
C10864,0
C10865,0
C10866,0
C10867,0
C10868,0
C10869,0
C10870,0
C10871,1
C10872,2
C10873,2
C10874,2
C10875,1
C10876,2
C10877,0
C10878,0
C10879,2
C10880,0
C10881,0
C10882,2
C10883,0
C10884,2
C10885,1
C10886,0
C10887,1
C10888,1
C10889,0
C10890,0
C10891,0
C10892,1
C10893,0
C10894,0
C10895,0
C10896,2
C10897,2
C10898,2
C10899,0
C10900,0
C10901,2
C10902,1
C10903,0
C10904,2
C10905,0
C10906,0
C10907,0
C10908,0
C10909,2
C10910,0
C10911,2
C10912,0
C10913,2
C10914,2
C10915,0
C10916,0
C10917,1
C10918,1
C10919,0
C10920,1
C10921,0
C10922,1
C10923,0
C10924,2
C10925,1
C10926,1
C10927,0
C10928,0
C10929,2
C10930,0
C10931,0
C10932,0
C10933,2
C10934,2
C10935,0
C10936,0
C10937,0
C10939,0
C10940,0
C10941,2
C10942,2
C10943,0
C10944,0
C10945,0
C10946,0
C10947,0
C10949,1
C10950,1
C10951,0
C10952,1
C10953,0
C10954,0
C10955,2
C10956,0
C10957,2
C10958,0
C10959,1
C10960,0
C10961,2
C10962,0
C10963,0
C10965,0
C10966,0
C10967,2
C10968,0
C10969,0
C10970,0
C10971,0
C10972,1
C10973,2
C10974,0
C10975,1
C10976,2
C10977,2
C10978,0
C10979,0
C10980,0
C10981,0
C10982,0
C10983,0
C10984,0
C10985,0
C10986,1
C10987,0
C10988,0
C10989,0
C10990,0
C10991,0
C10992,0
C10993,0
C10994,1
C10995,2
C10996,2
C10997,0
C10998,0
C10999,0
C11000,0
C11001,0
C11002,0
C11003,2
C11004,1
C11005,1
C11006,0
C11007,2
C11008,0
C11009,1
C11010,1
C11011,2
C11012,0
C11013,0
C11014,0
C11015,1
C11016,1
C11017,0
C11018,2
C11019,0
C11020,0
C11021,0
C11022,1
C11023,2
C11024,1
C11025,1
C11026,0
C11027,0
C11028,0
C11029,0
C11030,0
C11031,0
C11032,0
C11033,0
C11034,0
C11035,0
C11036,0
C11038,0
C11039,0
C11040,1
C11041,0
C11042,2
C11043,0
C11044,0
C11045,1
C11046,0
C11047,2
C11048,0
C11049,0
C11050,0
C11051,0
C11052,2
C11053,0
C11054,1
C11055,0
C11056,0
C11057,0
C11058,0
C11059,0
C11060,0
C11061,0
C11062,0
C11063,0
C11064,2
C11065,2
C11066,1
C11067,2
C11068,2
C11069,0
C11070,2
C11071,0
C11072,2
C11073,0
C11074,0
C11075,0
C11076,2
C11077,2
C11078,0
C11079,0
C11080,0
C11081,0
C11082,1
C11083,0
C11084,0
C11085,2
C11086,0
C11087,0
C11088,1
C11089,0
C11090,0
C11091,0
C11092,0
C11093,1
C11094,2
C11095,0
C11096,1
C11097,0
C11098,2
C11099,0
C11100,0
C11101,0
C11102,2
C11103,2
C11104,0
C11105,0
C11106,0
C11107,0
C11108,0
C11109,0
C11110,0
C11111,2
C11112,0
C11113,0
C11114,1
C11115,0
C11116,0
C11117,0
C11118,0
C11119,1
C11120,0
C11121,2
C11122,1
C11123,2
C11124,2
C11125,0
C11126,2
C11128,0
C11129,0
C11130,0
C11131,0
C11132,2
C11133,0
C11134,1
C11135,0
C11136,2
C11137,0
C11138,0
C11139,1
C11140,2
C11141,0
C11142,0
C11143,0
C11145,2
C11146,2
C11148,2
C11149,0
C11150,0
C11151,0
C11152,2
C11153,0
C11154,0
C11155,0
C11156,1
C11157,2
C11158,0
C11159,0
C11161,0
C11162,0
C11163,0
C11164,1
C11165,1
C11166,0
C11167,0
C11169,0
C11170,2
C11171,0
C11172,0
C11173,2
C11174,0
C11175,0
C11176,0
C11177,1
C11178,0
C11179,0
C11180,0
C11181,0
C11182,0
C11184,0
C11185,0
C11186,2
C11187,0
C11188,2
C11189,0
C11190,1
C11192,1
C11193,0
C11195,0
C11196,0
C11197,0
C11198,1
C11199,0
C11200,0
C11201,0
C11202,0
C11203,0
C11204,0
C11205,0
C11206,2
C11207,0
C11208,0
C11209,0
C11210,0
C11211,0
C11212,0
C11213,0
C11214,2
C11215,0
C11216,0
C11217,0
C11219,0
C11220,1
C11221,0
C11222,0
C11223,0
C11224,2
C11225,2
C11226,2
C11227,1
C11228,0
C11229,0
C11230,0
C11231,0
C11232,0
C11233,0
C11234,1
C11235,0
C11236,0
C11237,1
C11238,0
C11239,2
C11240,0
C11241,0
C11242,0
C11243,1
C11244,0
C11245,0
C11246,1
C11247,0
C11248,0
C11249,0
C11250,0
C11251,0
C11252,2
C11253,0
C11254,0
C11255,2
C11256,1
C11257,1
C11258,0
C11259,0
C11260,1
C11261,2
C11262,1
C11263,0
C11264,0
C11265,0
C11266,2
C11267,0
C11268,0
C11269,2
C11270,1
C11271,0
C11272,0
C11273,2
C11274,0
C11275,0
C11276,0
C11277,0
C11278,0
C11279,0
C11280,2
C11281,0
C11282,0
C11283,0
C11284,1
C11285,1
C11286,1
C11287,0
C11288,2
C11289,0
C11290,0
C11291,0
C11292,1
C11293,2
C11294,0
C11295,0
C11296,0
C11297,0
C11298,0
C11299,0
C11300,1
C11301,0
C11302,0
C11303,2
C11304,0
C11305,0
C11306,2
C11307,1
C11308,2
C11309,0
C11310,0
C11311,0
C11312,1
C11313,1
C11314,0
C11315,1
C11316,0
C11317,0
C11318,0
C11319,1
C11320,0
C11321,0
C11322,0
C11323,0
C11324,0
C11325,0
C11326,2
C11327,0
C11328,0
C11329,0
C11330,1
C11331,1
C11332,1
C11334,0
C11335,1
C11336,0
C11337,1
C11338,0
C11339,0
C11340,0
C11341,0
C11342,0
C11343,0
C11344,0
C11345,2
C11346,0
C11347,1
C11348,0
C11349,1
C11350,1
C11351,0
C11352,2
C11353,1
C11354,0
C11355,0
C11356,1
C11357,0
C11358,0
C11359,1
C11360,2
C11361,0
C11362,0
C11363,2
C11364,2
C11365,0
C11366,0
C11367,1
C11368,0
C11369,0
C11370,0
C11371,0
C11372,0
C11373,2
C11374,0
C11375,2
C11376,1
C11377,2
C11378,2
C11379,0
C11380,2
C11381,2
C11382,0
C11383,1
C11384,0
C11385,1
C11386,2
C11387,1
C11388,1
C11389,0
C11390,2
C11391,0
C11392,0
C11394,2
C11395,1
C11396,2
C11397,1
C11398,0
C11399,0
C11400,0
C11401,0
C11402,0
C11403,1
C11404,1
C11405,2
C11406,1
C11407,1
C11408,0
C11409,0
C11410,0
C11411,2
C11412,0
C11413,2
C11414,0
C11415,1
C11416,0
C11417,0
C11418,0
C11419,1
C11420,1
C11421,0
C11422,0
C11423,0
C11424,2
C11425,0
C11426,0
C11427,0
C11428,0
C11429,0
C11430,0
C11431,0
C11432,0
C11433,2
C11434,0
C11435,2
C11436,0
C11437,0
C11438,0
C11439,0
C11440,0
C11441,0
C11442,0
C11443,0
C11444,0
C11445,1
C11446,0
C11447,0
C11448,0
C11449,0
C11450,0
C11451,0
C11452,1
C11453,2
C11454,0
C11455,0
C11456,2
C11457,1
C11458,1
C11459,0
C11460,0
C11461,0
C11463,1
C11464,0
C11466,0
C11467,0
C11468,0
C11469,0
C11470,1
C11471,1
C11472,2
C11473,0
C11474,0
C11475,1
C11476,0
C11477,0
C11478,0
C11479,0
C11480,1
C11481,1
C11482,1
C11483,2
C11484,0
C11485,0
C11486,0
C11487,1
C11488,0
C11489,0
C11490,2
C11491,0
C11492,1
C11493,0
C11494,0
C11495,1
C11496,0
C11497,0
C11498,2
C11499,2
C11500,0
C11501,2
C11502,1
C11503,0
C11504,0
C11505,0
C11506,2
C11507,0
C11508,1
C11509,2
C11510,2
C11511,1
C11512,2
C11513,1
C11514,1
C11515,0
C11516,0
C11517,0
C11518,0
C11519,1
C11520,0
C11522,0
C11523,1
C11524,2
C11526,0
C11527,1
C11528,1
C11529,1
C11530,0
C11531,2
C11532,1
C11533,0
C11534,1
C11536,0
C11537,2
C11538,2
C11539,0
C11540,2
C11541,1
C11542,2
C11543,0
C11544,2
C11545,0
C11546,0
C11547,0
C11548,1
C11549,1
C11550,0
C11551,0
C11552,0
C11553,0
C11554,1
C11555,2
C11556,2
C11557,0
C11558,0
C11559,0
C11560,0
C11561,1
C11562,0
C11563,0
C11564,2
C11565,1
C11566,0
C11567,0
C11568,2
C11569,2
C11570,1
C11571,0
C11572,0
C11573,1
C11574,1
C11575,1
C11576,2
C11577,0
C11578,1
C11579,0
C11580,0
C11581,0
C11582,0
C11583,1
C11585,1
C11586,0
C11587,0
C11588,2
C11589,0
C11590,0
C11591,0
C11592,0
C11593,0
C11594,0
C11595,0
C11596,0
C11597,1
C11598,0
C11599,2
C11600,0
C11601,1
C11602,0
C11603,2
C11604,0
C11605,0
C11606,0
C11607,0
C11608,0
C11609,0
C11610,2
C11611,1
C11612,1
C11613,0
C11614,2
C11615,2
C11616,0
C11617,0
C11618,0
C11619,1
C11621,0
C11622,1
C11623,0
C11624,0
C11625,1
C11626,0
C11627,0
C11628,1
C11629,0
C11630,2
C11631,2
C11632,0
C11633,0
C11634,0
C11635,1
C11636,0
C11637,0
C11638,1
C11639,0
C11640,0
C11641,1
C11642,0
C11643,0
C11644,0
C11645,0
C11646,0
C11647,0
C11648,0
C11649,0
C11650,0
C11651,0
C11652,0
C11653,2
C11654,0
C11655,0
C11656,1
C11657,1
C11658,1
C11659,0
C11660,0
C11661,2
C11662,1
C11663,0
C11664,0
C11666,2
C11667,0
C11668,0
C11669,1
C11670,1
C11671,1
C11672,1
C11673,0
C11674,0
C11675,0
C11676,0
C11677,0
C11678,1
C11679,0
C11680,2
C11681,0
C11682,0
C11683,2
C11684,0
C11685,2
C11686,0
C11687,2
C11688,0
C11689,0
C11690,0
C11691,0
C11692,1
C11693,1
C11694,0
C11695,1
C11696,0
C11697,0
C11698,0
C11699,0
C11700,2
C11701,1
C11702,0
C11703,1
C11704,1
C11705,0
C11706,2
C11707,1
C11708,0
C11709,2
C11710,1
C11711,2
C11712,0
C11713,0
C11714,2
C11715,1
C11716,0
C11717,1
C11718,0
C11719,0
C11720,0
C11721,1
C11722,0
C11723,0
C11724,0
C11725,0
C11726,0
C11728,0
C11729,1
C11730,2
C11731,2
C11732,0
C11733,1
C11734,0
C11735,2
C11736,0
C11737,2
C11738,2
C11739,0
C11740,0
C11741,2
C11742,0
C11743,2
C11744,2
C11745,2
C11746,0
C11747,0
C11749,0
C11750,0
C11751,0
C11752,0
C11753,1
C11754,0
C11755,0
C11756,2
C11757,2
C11758,1
C11759,0
C11760,1
C11761,0
C11762,2
C11763,1
C11764,0
C11765,1
C11766,2
C11767,0
C11768,2
C11769,0
C11770,1
C11771,0
C11773,0
C11774,1
C11775,2
C11776,1
C11777,0
C11778,1
C11779,0
C11780,0
C11781,0
C11782,0
C11784,0
C11785,1
C11786,1
C11787,0
C11788,0
C11789,0
C11790,0
C11791,0
C11792,0
C11794,2
C11795,0
C11796,0
C11797,1
C11798,1
C11799,2
C11800,1
C11801,1
C11802,0
C11803,0
C11804,0
C11805,0
C11806,1
C11807,0
C11808,0
C11809,0
C11810,0
C11811,0
C11813,1
C11814,1
C11815,1
C11816,1
C11817,0
C11818,0
C11819,1
C11820,2
C11821,0
C11822,0
C11823,1
C11824,0
C11825,1
C11826,0
C11827,1
C11828,0
C11829,2
C11830,0
C11831,1
C11832,1
C11833,0
C11834,2
C11835,1
C11836,0
C11837,2
C11838,2
C11839,0
C11840,0
C11841,2
C11842,1
C11843,0
C11844,1
C11845,0
C11846,0
C11847,2
C11848,0
C11849,0
C11850,0
C11851,1
C11852,0
C11853,0
C11854,2
C11855,2
C11856,0
C11857,1
C11858,0
C11859,2
C11860,0
C11861,2
C11862,0
C11863,0
C11864,0
C11865,0
C11866,0
C11867,0
C11868,0
C11869,0
C11870,2
C11871,2
C11872,0
C11873,0
C11874,1
C11875,0
C11876,0
C11877,1
C11878,0
C11879,0
C11880,0
C11881,0
C11882,0
C11883,0
C11884,1
C11885,0
C11886,1
C11887,1
C11888,0
C11889,2
C11890,0
C11892,2
C11893,2
C11894,0
C11895,0
C11896,2
C11897,1
C11898,0
C11899,0
C11900,0
C11901,0
C11902,0
C11903,1
C11904,0
C11905,1
C11906,1
C11907,0
C11908,0
C11909,0
C11910,0
C11911,0
C11912,1
C11913,0
C11914,0
C11915,0
C11916,0
C11917,2
C11918,1
C11919,2
C11920,0
C11921,0
C11922,1
C11924,0
C11925,0
C11926,2
C11927,0
C11928,0
C11929,1
C11930,0
C11931,0
C11932,0
C11933,1
C11934,0
C11935,0
C11936,0
C11937,0
C11938,0
C11939,0
C11940,0
C11941,0
C11942,0
C11943,2
C11944,0
C11945,2
C11946,0
C11947,0
C11948,0
C11949,0
C11950,0
C11951,0
C11952,2
C11953,0
C11954,0
C11955,1
C11956,2
C11957,0
C11958,0
C11959,0
C11960,0
C11961,0
C11962,0
C11963,2
C11964,1
C11965,1
C11966,2
C11967,2
C11968,1
C11969,2
C11970,0
C11971,2
C11972,0
C11973,0
C11974,1
C11975,2
C11976,0
C11977,1
C11978,0
C11979,2
C11980,0
C11981,2
C11982,2
C11983,0
C11984,0
C11985,2
C11986,2
C11987,2
C11988,0
C11989,0
C11990,0
C11991,0
C11992,2
C11993,0
C11994,0
C11995,2
C11996,2
C11997,0
C11998,2
C11999,2
C12000,0
C12001,0
C12002,0
C12004,0
C12005,0
C12006,2
C12007,2
C12008,0
C12009,0
C12010,0
C12011,0
C12012,0
C12013,2
C12014,0
C12015,0
C12016,1
C12017,2
C12018,0
C12019,0
C12020,2
C12021,0
C12022,1
C12023,0
C12024,1
C12025,2
C12026,0
C12027,0
C12028,0
C12029,0
C12030,0
C12031,0
C12032,0
C12033,0
C12034,2
C12035,0
C12036,0
C12037,2
C12038,0
C12039,0
C12040,0
C12041,0
C12042,1
C12043,0
C12044,0
C12045,0
C12046,2
C12047,2
C12048,0
C12049,1
C12050,0
C12051,2
C12052,0
C12053,0
C12054,1
C12055,0
C12056,0
C12057,0
C12058,0
C12059,0
C12060,1
C12061,0
C12062,0
C12063,2
C12064,2
C12065,0
C12066,2
C12067,0
C12068,0
C12069,0
C12070,0
C12071,2
C12072,0
C12073,0
C12074,0
C12075,0
C12076,0
C12077,2
C12078,1
C12079,1
C12080,0
C12081,1
C12082,2
C12083,2
C12084,0
C12085,0
C12086,0
C12087,1
C12088,1
C12089,0
C12090,0
C12091,0
C12092,1
C12093,0
C12094,0
C12095,0
C12096,0
C12097,2
C12098,0
C12099,0
C12100,0
C12101,2
C12102,2
C12103,1
C12104,0
C12105,0
C12107,2
C12108,2
C12109,2
C12110,1
C12111,1
C12112,2
C12113,0
C12114,2
C12115,1
C12116,0
C12117,0
C12118,1
C12119,1
C12120,0
C12121,0
C12122,2
C12124,1
C12125,0
C12127,0
C12128,2
C12129,0
C12130,0
C12131,2
C12132,0
C12133,1
C12134,0
C12135,0
C12136,2
C12137,1
C12138,2
C12139,0
C12140,1
C12141,2
C12142,0
C12143,1
C12144,0
C12145,2
C12146,2
C12147,1
C12148,1
C12149,0
C12150,0
C12151,0
C12152,2
C12153,2
C12154,1
C12155,2
C12156,2
C12157,0
C12158,2
C12159,0
C12160,1
C12161,1
C12162,0
C12163,0
C12164,0
C12165,0
C12166,0
C12167,2
C12168,0
C12169,0
C12170,0
C12171,0
C12172,2
C12173,1
C12174,2
C12175,1
C12176,0
C12177,0
C12178,0
C12179,0
C12180,0
C12181,1
C12182,1
C12183,0
C12184,0
C12185,2
C12186,2
C12187,0
C12188,0
C12189,0
C12190,0
C12191,1
C12192,0
C12194,0
C12195,0
C12196,1
C12197,0
C12198,2
C12199,1
C12200,0
C12201,0
C12202,0
C12203,1
C12204,0
C12205,1
C12206,0
C12207,1
C12208,0
C12209,0
C12210,1
C12211,0
C12212,0
C12213,1
C12214,0
C12215,2
C12216,0
C12217,0
C12218,0
C12219,1
C12220,0
C12221,1
C12222,0
C12223,0
C12224,1
C12225,0
C12226,2
C12227,0
C12228,0
C12229,1
C12230,0
C12231,1
C12232,0
C12233,2
C12234,0
C12235,0
C12236,0
C12237,0
C12238,2
C12239,0
C12240,0
C12241,2
C12242,0
C12243,0
C12244,1
C12246,0
C12247,2
C12248,0
C12249,2
C12250,1
C12251,0
C12252,0
C12253,0
C12254,0
C12255,0
C12256,1
C12257,2
C12258,2
C12260,2
C12261,0
C12262,0
C12263,0
C12264,0
C12265,2
C12266,0
C12267,2
C12268,0
C12269,2
C12270,0
C12271,0
C12272,1
C12273,1
C12274,1
C12275,2
C12276,0
C12277,1
C12278,0
C12279,2
C12280,0
C12281,2
C12282,0
C12283,0
C12284,2
C12285,0
C12286,1
C12287,1
C12288,0
C12289,1
C12291,0
C12292,0
C12293,0
C12294,0
C12295,1
C12296,0
C12297,0
C12298,0
C12299,0
C12300,0
C12301,0
C12302,1
C12303,0
C12304,0
C12305,2
C12306,0
C12307,0
C12308,0
C12309,0
C12310,2
C12311,1
C12312,0
C12313,0
C12314,0
C12315,0
C12316,2
C12317,0
C12318,2
C12319,2
C12320,0
C12321,1
C12322,0
C12323,0
C12324,0
C12325,0
C12326,0
C12327,1
C12329,2
C12330,1
C12331,0
C12332,1
C12333,0
C12334,2
C12335,0
C12336,1
C12337,2
C12338,2
C12339,0
C12340,0
C12341,0
C12342,2
C12343,0
C12344,0
C12345,0
C12346,0
C12347,2
C12348,0
C12349,2
C12350,0
C12351,0
C12352,0
C12353,0
C12354,0
C12355,0
C12356,0
C12357,1
C12358,0
C12359,2
C12360,0
C12361,0
C12362,1
C12363,0
C12364,0
C12365,0
C12366,0
C12367,1
C12368,0
C12369,2
C12370,0
C12371,0
C12372,0
C12373,2
C12374,0
C12375,0
C12376,0
C12377,2
C12378,0
C12381,0
C12382,1
C12383,1
C12384,1
C12385,0
C12386,0
C12387,0
C12388,0
C12389,0
C12390,0
C12391,0
C12392,0
C12393,0
C12394,0
C12395,0
C12396,0
C12397,2
C12398,0
C12399,0
C12400,0
C12401,0
C12402,2
C12403,0
C12404,1
C12405,1
C12406,0
C12407,1
C12408,0
C12409,1
C12410,2
C12411,0
C12412,1
C12413,2
C12414,0
C12415,2
C12416,2
C12417,2
C12418,1
C12419,0
C12420,0
C12421,2
C12422,2
C12423,0
C12424,0
C12425,2
C12426,0
C12427,0
C12428,1
C12429,0
C12430,0
C12431,2
C12432,1
C12433,1
C12434,2
C12435,1
C12436,1
C12437,0
C12438,0
C12439,2
C12440,0
C12441,0
C12442,0
C12443,0
C12444,0
C12445,0
C12446,1
C12447,0
C12448,0
C12449,0
C12450,0
C12451,0
C12452,0
C12453,0
C12454,0
C12455,1
C12456,2
C12457,1
C12458,2
C12459,0
C12460,2
C12461,0
C12462,2
C12463,0
C12464,1
C12465,2
C12466,0
C12467,0
C12468,1
C12469,0
C12470,2
C12471,1
C12472,2
C12473,1
C12474,0
C12475,0
C12476,2
C12477,0
C12478,0
C12479,1
C12480,0
C12481,2
C12482,0
C12483,0
C12484,0
C12485,0
C12486,0
C12487,0
C12488,0
C12489,1
C12490,0
C12491,0
C12492,0
C12493,0
C12494,1
C12495,2
C12497,2
C12498,0
C12499,0
C12500,0
C12501,2
C12502,0
C12503,0
C12504,0
C12505,1
C12506,2
C12507,0
C12508,0
C12509,0
C12510,0
C12511,2
C12512,0
C12513,2
C12514,1
C12515,2
C12516,2
C12517,1
C12518,1
C12519,0
C12520,2
C12521,0
C12522,2
C12523,0
C12524,0
C12525,0
C12526,0
C12527,1
C12528,2
C12529,0
C12530,0
C12531,1
C12532,0
C12533,0
C12534,0
C12535,0
C12536,0
C12537,2
C12538,0
C12539,2
C12540,0
C12541,2
C12542,1
C12543,2
C12544,2
C12545,0
C12546,0
C12547,1
C12548,0
C12549,2
C12550,0
C12551,1
C12552,0
C12553,0
C12554,0
C12555,0
C12556,0
C12557,0
C12558,0
C12559,2
C12560,0
C12561,2
C12562,2
C12563,2
C12564,2
C12565,0
C12566,0
C12567,0
C12568,0
C12569,2
C12570,0
C12571,0
C12572,1
C12573,1
C12574,1
C12575,0
C12576,0
C12577,1
C12578,0
C12579,0
C12580,1
C12581,0
C12582,0
C12583,0
C12584,0
C12585,0
C12586,0
C12587,2
C12588,0
C12589,1
C12590,2
C12591,0
C12592,0
C12593,2
C12594,0
C12595,0
C12596,1
C12597,1
C12598,0
C12599,0
C12600,0
C12601,1
C12602,0
C12603,2
C12604,0
C12605,2
C12606,0
C12607,0
C12608,1
C12609,0
C12610,0
C12611,0
C12612,0
C12613,0
C12614,0
C12615,0
C12616,0
C12617,0
C12618,0
C12619,0
C12620,2
C12621,0
C12622,2
C12623,0
C12624,1
C12625,1
C12626,0
C12627,0
C12628,2
C12629,2
C12630,2
C12631,0
C12632,0
C12633,0
C12634,1
C12635,2
C12636,0
C12637,0
C12638,0
C12639,0
C12640,0
C12641,1
C12642,0
C12643,0
C12644,0
C12645,2
C12646,0
C12647,1
C12648,2
C12650,0
C12651,2
C12652,0
C12653,2
C12654,2
C12655,0
C12656,2
C12657,0
C12658,0
C12659,0
C12660,0
C12661,1
C12663,0
C12664,0
C12665,0
C12666,0
C12667,1
C12668,0
C12669,2
C12670,2
C12671,0
C12672,2
C12673,0
C12674,2
C12675,2
C12676,0
C12677,0
C12678,0
C12679,0
C12680,0
C12681,2
C12682,2
C12683,2
C12684,2
C12685,0
C12686,0
C12687,0
C12688,2
C12689,1
C12690,0
C12691,0
C12692,0
C12693,0
C12694,0
C12695,2
C12696,0
C12697,0
C12698,0
C12699,0
C12700,0
C12701,2
C12702,0
C12703,0
C12704,0
C12705,1
C12706,0
C12707,2
C12708,2
C12709,2
C12710,0
C12712,1
C12713,0
C12714,0
C12715,0
C12716,2
C12717,0
C12718,0
C12719,2
C12720,2
C12721,0
C12722,2
C12723,0
C12724,0
C12725,0
C12726,2
C12727,0
C12728,0
C12729,0
C12730,0
C12731,0
C12732,0
C12733,1
C12734,2
C12735,0
C12736,0
C12737,2
C12738,0
C12739,0
C12740,0
C12741,1
C12742,0
C12743,0
C12744,0
C12745,0
C12746,2
C12747,0
C12748,1
C12749,2
C12750,2
C12751,0
C12752,0
C12753,2
C12754,2
C12755,0
C12756,0
C12757,2
C12758,2
C12759,2
C12760,0
C12761,2
C12762,2
C12763,0
C12764,1
C12765,1
C12766,0
C12767,2
C12768,0
C12769,0
C12770,2
C12771,0
C12772,2
C12773,2
C12774,1
C12775,1
C12776,2
C12777,0
C12778,0
C12779,0
C12780,0
C12781,0
C12782,0
C12783,2
C12784,0
C12786,0
C12787,1
C12788,0
C12789,0
C12790,1
C12791,0
C12792,0
C12793,0
C12794,0
C12795,1
C12796,0
C12797,0
C12798,0
C12799,1
C12800,0
C12801,1
C12802,0
C12803,0
C12804,2
C12805,2
C12806,1
C12807,2
C12808,2
C12809,0
C12810,0
C12811,0
C12812,0
C12813,0
C12814,0
C12815,2
C12816,0
C12818,0
C12819,0
C12820,2
C12821,2
C12822,0
C12823,0
C12824,1
C12825,2
C12826,0
C12827,0
C12828,0
C12829,1
C12830,0
C12831,0
C12832,0
C12833,0
C12834,2
C12835,2
C12836,1
C12837,0
C12838,1
C12839,1
C12840,1
C12841,2
C12842,2
C12843,0
C12844,1
C12845,0
C12846,0
C12847,0
C12848,0
C12849,0
C12850,0
C12851,0
C12852,0
C12853,2
C12854,0
C12855,0
C12857,0
C12858,1
C12859,2
C12860,2
C12861,0
C12862,0
C12863,1
C12864,0
C12865,0
C12866,0
C12867,0
C12868,0
C12869,0
C12871,0
C12872,0
C12873,2
C12874,1
C12875,0
C12876,0
C12877,2
C12878,0
C12879,0
C12880,0
C12881,1
C12883,1
C12884,0
C12885,1
C12886,0
C12887,0
C12888,1
C12889,0
C12890,0
C12891,0
C12892,0
C12893,1
C12894,0
C12895,0
C12896,0
C12897,2
C12898,1
C12899,0
C12900,0
C12901,0
C12902,0
C12903,0
C12904,1
C12905,1
C12906,0
C12907,2
C12908,0
C12909,0
C12910,2
C12911,2
C12912,2
C12913,0
C12914,0
C12915,1
C12916,1
C12917,0
C12918,0
C12919,1
C12920,0
C12921,2
C12922,2
C12923,0
C12924,0
C12925,1
C12926,0
C12927,0
C12928,2
C12929,1
C12930,0
C12931,0
C12932,0
C12933,0
C12934,0
C12935,0
C12936,0
C12937,0
C12938,0
C12939,0
C12941,0
C12943,2
C12944,0
C12945,0
C12946,2
C12947,0
C12948,0
C12949,2
C12950,0
C12951,2
C12952,1
C12953,2
C12954,1
C12955,0
C12956,0
C12957,0
C12958,0
C12959,0
C12960,0
C12961,0
C12962,2
C12963,0
C12964,0
C12965,0
C12966,0
C12967,0
C12968,0
C12969,0
C12970,2
C12971,2
C12972,2
C12973,2
C12974,0
C12975,0
C12976,0
C12977,0
C12978,2
C12979,0
C12980,0
C12981,2
C12982,2
C12983,0
C12984,0
C12985,0
C12986,0
C12987,1
C12988,1
C12989,0
C12990,0
C12991,0
C12992,0
C12993,0
C12994,0
C12995,0
C12996,0
C12997,1
C12998,0
C12999,2
C13000,0
C13001,0
C13002,2
C13004,0
C13005,0
C13006,0
C13007,2
C13008,2
C13009,0
C13011,0
C13012,2
C13013,1
C13014,2
C13015,0
C13016,0
C13017,1
C13018,0
C13019,0
C13020,0
C13021,0
C13022,2
C13023,2
C13024,0
C13025,0
C13026,0
C13027,2
C13028,0
C13029,0
C13031,0
C13032,0
C13033,0
C13034,2
C13035,0
C13036,0
C13037,0
C13038,1
C13039,0
C13040,0
C13041,2
C13042,0
C13043,0
C13044,0
C13045,0
C13046,0
C13047,2
C13048,1
C13049,2
C13050,0
C13051,2
C13052,2
C13053,2
C13054,0
C13056,0
C13057,0
C13058,1
C13059,0
C13060,0
C13061,2
C13062,0
C13063,0
C13064,1
C13065,0
C13066,1
C13067,2
C13068,0
C13069,0
C13070,0
C13071,0
C13072,0
C13073,1
C13074,0
C13076,0
C13077,1
C13078,2
C13079,0
C13080,0
C13081,0
C13082,0
C13083,0
C13084,2
C13085,0
C13086,0
C13087,0
C13088,0
C13089,0
C13090,2
C13091,0
C13092,0
C13093,0
C13094,0
C13095,1
C13096,1
C13097,0
C13098,0
C13099,1
C13100,0
C13101,0
C13102,1
C13103,2
C13104,0
C13105,0
C13106,0
C13107,0
C13108,0
C13109,1
C13110,0
C13111,1
C13112,0
C13113,2
C13114,0
C13115,0
C13116,2
C13117,0
C13118,0
C13119,1
C13120,0
C13121,2
C13122,0
C13123,0
C13124,2
C13125,2
C13126,0
C13127,2
C13128,2
C13129,0
C13130,0
C13131,0
C13132,0
C13133,0
C13134,2
C13135,0
C13136,0
C13137,0
C13138,0
C13139,0
C13140,0
C13141,0
C13142,0
C13143,0
C13144,1
C13145,0
C13146,0
C13147,0
C13148,1
C13149,0
C13150,0
C13151,2
C13152,2
C13153,0
C13154,0
C13155,0
C13156,0
C13157,0
C13158,1
C13159,0
C13160,0
C13161,0
C13162,0
C13163,0
C13164,0
C13165,0
C13166,0
C13167,0
C13168,0
C13169,2
C13170,0
C13171,2
C13172,2
C13173,0
C13174,0
C13175,0
C13176,0
C13178,0
C13179,2
C13180,0
C13181,0
C13182,0
C13183,1
C13184,0
C13185,2
C13186,0
C13187,0
C13188,0
C13189,2
C13190,0
C13191,0
C13192,0
C13193,2
C13194,0
C13195,1
C13196,2
C13197,2
C13198,0
C13199,2
C13200,0
C13201,1
C13202,0
C13203,0
C13204,0
C13205,2
C13206,0
C13207,0
C13208,1
C13209,0
C13210,2
C13211,0
C13212,0
C13213,1
C13214,0
C13215,2
C13216,0
C13217,2
C13218,0
C13219,0
C13220,0
C13221,0
C13222,0
C13223,0
C13224,0
C13225,2
C13226,0
C13227,0
C13228,0
C13229,2
C13230,1
C13231,2
C13232,0
C13233,0
C13234,0
C13235,1
C13236,1
C13237,0
C13238,0
C13239,0
C13240,0
C13241,1
C13242,2
C13243,2
C13244,0
C13245,2
C13246,1
C13247,0
C13248,2
C13249,0
C13250,0
C13251,0
C13252,0
C13253,0
C13254,0
C13255,2
C13257,0
C13258,0
C13259,0
C13260,0
C13261,0
C13262,1
C13263,0
C13264,0
C13265,0
C13266,0
C13267,0
C13268,0
C13269,2
C13270,0
C13271,1
C13272,1
C13273,0
C13275,0
C13276,0
C13277,1
C13278,0
C13279,0
C13280,0
C13282,0
C13283,2
C13284,0
C13285,2
C13286,0
C13287,0
C13288,1
C13289,0
C13290,2
C13291,2
C13292,0
C13293,1
C13294,0
C13295,0
C13296,1
C13297,2
C13298,0
C13299,0
C13300,0
C13301,0
C13302,0
C13303,2
C13304,0
C13305,2
C13306,0
C13307,0
C13308,0
C13309,0
C13310,0
C13312,0
C13313,2
C13314,2
C13315,2
C13316,0
C13317,0
C13318,0
C13319,0
C13320,0
C13321,0
C13322,1
C13323,0
C13324,0
C13325,0
C13326,2
C13327,0
C13328,1
C13329,0
C13330,0
C13331,0
C13332,1
C13333,0
C13334,1
C13335,1
C13336,0
C13337,2
C13338,0
C13339,0
C13340,0
C13341,0
C13342,0
C13343,0
C13344,0
C13345,1
C13346,0
C13347,2
C13348,0
C13349,0
C13350,0
C13351,0
C13352,0
C13353,2
C13354,0
C13355,2
C13356,2
C13357,0
C13358,2
C13359,2
C13360,0
C13361,1
C13362,0
C13363,2
C13364,1
C13365,2
C13366,0
C13367,2
C13368,2
C13369,1
C13370,0
C13371,2
C13372,0
C13373,0
C13374,2
C13375,0
C13376,1
C13377,2
C13378,0
C13379,0
C13380,0
C13381,1
C13382,0
C13383,0
C13384,0
C13385,2
C13386,1
C13387,0
C13388,0
C13389,0
C13390,0
C13391,0
C13392,2
C13393,0
C13394,2
C13395,0
C13396,2
C13397,0
C13398,0
C13399,0
C13400,0
C13401,0
C13402,2
C13403,0
C13404,0
C13405,0
C13406,0
C13407,0
C13408,1
C13409,1
C13410,0
C13411,0
C13412,0
C13413,0
C13414,1
C13416,2
C13417,0
C13418,0
C13419,1
C13420,1
C13421,0
C13422,0
C13423,0
C13424,0
C13425,0
C13426,2
C13427,0
C13428,0
C13429,0
C13430,0
C13431,1
C13432,0
C13433,0
C13434,2
C13435,0
C13436,0
C13437,0
C13439,2
C13440,0
C13441,0
C13442,2
C13443,1
C13444,2
C13445,0
C13446,1
C13447,2
C13448,2
C13449,0
C13450,0
C13451,0
C13452,1
C13453,0
C13454,0
C13455,2
C13456,2
C13457,0
C13458,0
C13459,0
C13460,2
C13461,0
C13462,2
C13463,0
C13464,0
C13465,0
C13466,0
C13467,0
C13468,0
C13469,2
C13470,0
C13471,0
C13472,0
C13473,0
C13474,0
C13475,1
C13476,0
C13478,0
C13479,1
C13480,0
C13481,0
C13482,0
C13483,0
C13484,0
C13485,1
C13486,0
C13487,2
C13488,0
C13489,0
C13490,2
C13491,0
C13492,0
C13493,0
C13494,2
C13495,1
C13496,0
C13497,2
C13498,0
C13499,0
C13500,0
C13501,1
C13502,0
C13503,0
C13504,0
C13505,1
C13506,2
C13507,0
C13508,1
C13509,2
C13510,2
C13511,2
C13512,0
C13513,0
C13514,0
C13515,0
C13516,0
C13517,2
C13518,0
C13519,0
C13520,1
C13521,0
C13522,0
C13523,0
C13524,0
C13525,0
C13526,0
C13527,0
C13528,0
C13529,0
C13530,0
C13531,0
C13532,1
C13533,0
C13534,0
C13535,0
C13536,0
C13537,2
C13538,0
C13539,0
C13540,0
C13541,0
C13542,0
C13543,1
C13544,0
C13545,2
C13546,0
C13547,0
C13548,0
C13549,1
C13550,0
C13551,1
C13552,0
C13553,0
C13554,0
C13555,0
C13556,0
C13557,1
C13558,2
C13559,0
C13560,0
C13561,0
C13562,0
C13563,0
C13564,1
C13565,0
C13566,0
C13567,2
C13568,0
C13569,0
C13570,0
C13571,0
C13572,1
C13573,1
C13574,0
C13575,0
C13576,1
C13577,0
C13578,2
C13579,0
C13580,2
C13581,2
C13582,1
C13583,0
C13584,0
C13585,0
C13586,0
C13587,2
C13588,1
C13589,0
C13591,0
C13592,0
C13593,1
C13594,2
C13596,2
C13597,0
C13598,2
C13599,2
C13600,2
C13601,0
C13602,1
C13603,0
C13604,0
C13605,0
C13606,2
C13607,0
C13608,0
C13610,1
C13611,0
C13612,0
C13613,1
C13614,2
C13615,0
C13616,2
C13617,0
C13618,0
C13619,2
C13620,1
C13621,1
C13622,1
C13623,0
C13624,0
C13625,0
C13626,0
C13627,1
C13628,2
C13629,2
C13630,1
C13631,0
C13632,2
C13633,2
C13634,0
C13635,2
C13636,2
C13637,1
C13638,0
C13639,2
C13640,1
C13641,0
C13642,0
C13643,0
C13644,1
C13645,2
C13646,0
C13647,2
C13648,2
C13649,0
C13650,0
C13651,0
C13652,2
C13653,1
C13654,0
C13655,2
C13656,2
C13657,0
C13658,0
C13659,0
C13660,2
C13661,0
C13662,2
C13663,0
C13664,0
C13665,0
C13666,0
C13668,0
C13669,0
C13670,2
C13671,2
C13672,2
C13673,0
C13674,0
C13675,2
C13676,0
C13677,1
C13678,0
C13679,0
C13680,0
C13681,0
C13682,0
C13683,0
C13684,0
C13685,1
C13686,1
C13687,0
C13688,0
C13689,2
C13690,0
C13691,0
C13692,2
C13693,0
C13694,2
C13695,0
C13696,0
C13697,0
C13698,1
C13699,0
C13701,0
C13702,0
C13703,0
C13704,0
C13705,0
C13706,2
C13707,0
C13708,0
C13709,1
C13710,0
C13711,1
C13712,0
C13713,0
C13714,0
C13715,0
C13717,2
C13718,0
C13719,0
C13720,0
C13721,0
C13722,0
C13723,0
C13724,0
C13725,2
C13726,2
C13727,2
C13728,0
C13729,0
C13730,0
C13731,0
C13732,2
C13733,0
C13734,0
C13735,0
C13736,1
C13737,2
C13738,0
C13739,0
C13740,1
C13741,2
C13742,0
C13743,0
C13744,2
C13745,0
C13746,1
C13747,2
C13748,2
C13749,0
C13750,2
C13751,0
C13752,2
C13753,1
C13754,0
C13755,1
C13756,0
C13757,0
C13758,0
C13759,2
C13760,0
C13761,0
C13762,1
C13763,0
C13764,0
C13765,0
C13767,1
C13768,2
C13769,0
C13770,2
C13771,0
C13772,0
C13773,1
C13774,0
C13775,1
C13776,0
C13777,0
C13778,1
C13779,0
C13780,1
C13781,2
C13782,0
C13783,0
C13784,0
C13785,2
C13786,1
C13787,0
C13788,0
C13789,0
C13790,0
C13791,1
C13792,0
C13793,0
C13794,0
C13795,1
C13796,1
C13797,0
C13798,0
C13799,1
C13800,2
C13801,0
C13802,1
C13803,0
C13804,2
C13805,0
C13806,1
C13807,0
C13809,0
C13810,1
C13811,0
C13812,1
C13813,1
C13814,0
C13815,0
C13816,1
C13817,2
C13819,0
C13820,0
C13821,0
C13822,2
C13823,0
C13824,0
C13825,1
C13826,2
C13827,2
C13828,0
C13829,0
C13830,0
C13831,1
C13832,0
C13833,0
C13834,0
C13835,1
C13836,1
C13837,0
C13838,0
C13839,1
C13840,1
C13841,2
C13842,2
C13843,2
C13844,1
C13845,0
C13846,0
C13847,0
C13848,1
C13849,0
C13850,1
C13851,0
C13852,0
C13853,0
C13855,0
C13856,2
C13857,0
C13858,2
C13859,0
C13860,2
C13861,0
C13862,0
C13863,0
C13864,1
C13865,2
C13866,0
C13867,2
C13868,0
C13869,2
C13870,0
C13871,0
C13872,0
C13873,2
C13874,2
C13875,1
C13876,0
C13877,1
C13878,2
C13879,0
C13881,0
C13882,0
C13883,2
C13884,2
C13885,0
C13886,1
C13887,0
C13888,0
C13889,2
C13890,0
C13891,1
C13892,0
C13893,1
C13894,0
C13895,0
C13896,1
C13897,0
C13898,2
C13899,1
C13900,0
C13901,0
C13902,1
C13903,0
C13904,1
C13905,0
C13906,0
C13907,0
C13908,1
C13909,0
C13910,2
C13911,0
C13912,2
C13913,0
C13914,2
C13915,1
C13916,0
C13917,0
C13918,0
C13919,0
C13920,0
C13921,0
C13922,2
C13923,0
C13924,0
C13925,0
C13926,2
C13927,0
C13928,0
C13929,2
C13930,2
C13931,1
C13932,0
C13933,2
C13934,0
C13935,0
C13936,1
C13937,0
C13938,1
C13939,0
C13940,0
C13941,0
C13942,0
C13943,0
C13944,1
C13945,2
C13946,0
C13947,0
C13948,2
C13949,0
C13950,0
C13951,0
C13952,0
C13953,0
C13954,1
C13955,0
C13956,0
C13957,0
C13958,0
C13959,0
C13960,0
C13961,0
C13962,0
C13964,0
C13965,0
C13966,1
C13967,2
C13968,1
C13969,2
C13970,0
C13971,1
C13972,0
C13973,0
C13974,0
C13975,0
C13977,0
C13978,1
C13979,0
C13980,1
C13981,2
C13982,0
C13983,0
C13984,2
C13985,1
C13986,2
C13987,0
C13988,1
C13989,0
C13990,0
C13991,0
C13992,0
C13993,1
C13994,0
C13995,1
C13996,1
C13997,1
C13998,0
C13999,2
C14000,0
C14001,0
C14002,0
C14003,0
C14004,0
C14005,2
C14006,0
C14007,0
C14008,0
C14009,0
C14010,0
C14011,0
C14012,0
C14013,0
C14014,0
C14015,1
C14016,2
C14017,0
C14018,2
C14019,0
C14020,1
C14021,0
C14022,0
C14023,0
C14024,0
C14026,0
C14027,0
C14028,0
C14029,0
C14030,0
C14031,0
C14032,2
C14033,2
C14034,0
C14035,0
C14036,2
C14037,0
C14038,0
C14039,0
C14040,1
C14041,2
C14042,0
C14043,1
C14044,0
C14045,0
C14046,0
C14047,0
C14048,1
C14049,0
C14050,1
C14051,0
C14052,0
C14053,0
C14054,0
C14055,2
C14056,2
C14057,0
C14058,0
C14059,1
C14060,0
C14061,0
C14062,0
C14063,0
C14064,0
C14065,1
C14066,1
C14067,1
C14068,0
C14069,0
C14070,0
C14071,0
C14072,2
C14073,0
C14074,0
C14075,0
C14076,0
C14077,0
C14078,0
C14079,0
C14080,1
C14081,0
C14082,1
C14083,0
C14084,0
C14085,0
C14086,2
C14087,0
C14088,0
C14089,0
C14090,0
C14091,0
C14092,0
C14094,0
C14095,0
C14096,2
C14097,0
C14098,0
C14099,0
C14100,1
C14101,2
C14102,0
C14103,0
C14104,0
C14105,0
C14106,0
C14107,0
C14108,2
C14109,1
C14111,0
C14112,2
C14113,0
C14114,0
C14115,1
C14116,0
C14117,1
C14119,2
C14120,1
C14121,1
C14122,2
C14123,0
C14124,1
C14125,0
C14126,1
C14127,1
C14128,1
C14129,0
C14130,2
C14131,2
C14132,2
C14133,1
C14134,0
C14135,0
C14136,2
C14137,0
C14138,0
C14139,1
C14140,0
C14141,0
C14142,2
C14143,0
C14144,1
C14145,0
C14146,0
C14147,1
C14148,0
C14149,0
C14150,0
C14151,0
C14152,0
C14153,0
C14154,2
C14155,2
C14156,0
C14157,2
C14158,0
C14159,0
C14161,2
C14162,0
C14163,0
C14164,0
C14165,0
C14166,1
C14167,0
C14168,0
C14169,0
C14170,0
C14171,2
C14172,0
C14173,0
C14174,0
C14175,0
C14177,2
C14178,2
C14179,0
C14180,0
C14181,2
C14182,0
C14183,0
C14184,0
C14185,2
C14186,0
C14187,0
C14188,0
C14189,0
C14190,2
C14191,0
C14192,0
C14193,0
C14194,0
C14195,2
C14196,0
C14197,1
C14198,0
C14199,0
C14200,2
C14201,0
C14202,1
C14203,0
C14204,0
C14205,2
C14206,0
C14207,2
C14208,1
C14209,0
C14210,0
C14211,2
C14212,0
C14213,2
C14214,0
C14215,0
C14216,2
C14217,0
C14218,1
C14219,2
C14220,0
C14221,1
C14222,0
C14223,0
C14224,0
C14225,1
C14226,0
C14227,0
C14228,1
C14229,0
C14230,0
C14231,0
C14232,0
C14233,0
C14234,0
C14235,1
C14236,0
C14237,0
C14238,1
C14239,0
C14240,1
C14241,2
C14242,1
C14243,0
C14244,0
C14245,2
C14246,0
C14247,0
C14248,2
C14249,1
C14250,0
C14251,1
C14252,0
C14253,2
C14254,1
C14255,2
C14256,1
C14257,0
C14258,0
C14259,2
C14260,2
C14261,0
C14262,1
C14263,0
C14264,2
C14265,0
C14266,1
C14267,0
C14268,0
C14269,0
C14270,0
C14271,1
C14272,0
C14273,0
C14274,0
C14275,0
C14276,0
C14277,1
C14278,0
C14279,0
C14280,0
C14281,0
C14282,0
C14283,1
C14284,0
C14285,0
C14286,0
C14287,0
C14288,0
C14289,0
C14290,0
C14291,2
C14292,0
C14293,0
C14294,2
C14295,0
C14297,0
C14298,0
C14299,0
C14300,0
C14301,1
C14302,0
C14303,0
C14304,0
C14305,0
C14306,0
C14307,0
C14308,0
C14309,0
C14310,0
C14311,2
C14312,2
C14313,2
C14314,0
C14315,0
C14316,0
C14317,0
C14318,0
C14319,0
C14320,0
C14322,1
C14323,0
C14324,1
C14325,0
C14326,0
C14327,0
C14328,2
C14329,0
C14330,1
C14331,1
C14332,0
C14333,2
C14334,1
C14335,0
C14336,0
C14337,2
C14338,1
C14339,0
C14340,0
C14341,2
C14342,0
C14343,0
C14344,0
C14345,0
C14346,2
C14347,0
C14348,2
C14349,0
C14350,1
C14351,0
C14352,0
C14353,1
C14354,2
C14355,0
C14356,0
C14357,2
C14358,1
C14359,2
C14360,0
C14361,0
C14362,0
C14363,0
C14364,0
C14365,0
C14366,0
C14367,2
C14368,0
C14369,0
C14370,2
C14371,0
C14372,0
C14373,0
C14374,2
C14375,0
C14376,0
C14377,0
C14378,1
C14379,0
C14380,0
C14381,2
C14382,1
C14383,0
C14384,1
C14385,0
C14386,0
C14387,0
C14388,0
C14389,0
C14390,1
C14391,2
C14392,2
C14393,0
C14394,1
C14395,0
C14396,0
C14397,0
C14398,0
C14399,0
C14400,1
C14401,0
C14402,1
C14403,1
C14404,0
C14405,1
C14406,0
C14407,0
C14408,0
C14409,1
C14410,0
C14411,0
C14412,0
C14413,2
C14414,1
C14415,1
C14416,0
C14417,1
C14418,0
C14419,2
C14421,0
C14422,0
C14423,0
C14424,0
C14425,0
C14426,0
C14427,0
C14428,0
C14429,0
C14430,0
C14431,2
C14432,0
C14433,2
C14434,0
C14435,2
C14436,2
C14437,0
C14439,0
C14440,0
C14441,0
C14442,0
C14443,0
C14444,0
C14445,0
C14447,1
C14448,0
C14449,0
C14450,0
C14451,2
C14452,0
C14453,0
C14455,1
C14456,0
C14457,0
C14458,0
C14459,0
C14460,0
C14461,1
C14462,2
C14463,0
C14464,0
C14465,0
C14466,0
C14467,0
C14468,0
C14469,0
C14470,2
C14471,2
C14472,0
C14473,2
C14474,0
C14475,0
C14476,0
C14477,0
C14478,1
C14479,0
C14480,0
C14481,0
C14482,0
C14483,0
C14484,0
C14485,2
C14486,0
C14487,0
C14488,0
C14489,0
C14490,2
C14492,0
C14493,0
C14494,1
C14495,0
C14496,0
C14497,0
C14498,0
C14499,1
C14500,0
C14501,1
C14502,0
C14503,2
C14504,0
C14505,2
C14506,0
C14507,0
C14508,0
C14509,0
C14510,1
C14511,0
C14512,1
C14513,0
C14514,0
C14515,0
C14516,0
C14517,2
C14518,0
C14519,2
C14520,1
C14521,0
C14522,0
C14523,0
C14524,0
C14525,0
C14526,1
C14527,0
C14528,0
C14529,0
C14530,0
C14531,0
C14532,1
C14533,0
C14534,2
C14535,0
C14536,2
C14537,0
C14538,1
C14539,0
C14540,0
C14541,0
C14542,2
C14543,0
C14544,0
C14545,1
C14546,0
C14547,0
C14548,0
C14549,2
C14550,1
C14551,1
C14553,0
C14554,0
C14555,0
C14556,0
C14557,0
C14558,0
C14559,0
C14560,0
C14561,2
C14562,0
C14563,0
C14564,1
C14565,0
C14566,2
C14567,0
C14568,2
C14569,0
C14570,1
C14571,0
C14572,0
C14573,0
C14574,0
C14575,0
C14576,0
C14577,0
C14578,2
C14579,0
C14580,1
C14581,1
C14582,0
C14583,0
C14584,0
C14585,2
C14586,1
C14587,0
C14588,1
C14589,0
C14590,0
C14591,0
C14592,0
C14593,0
C14594,0
C14595,0
C14596,0
C14597,0
C14598,2
C14599,0
C14600,0
C14601,2
C14602,0
C14603,2
C14604,1
C14606,2
C14607,0
C14608,0
C14609,0
C14610,2
C14611,0
C14612,0
C14613,0
C14614,2
C14615,2
C14616,0
C14617,0
C14618,2
C14619,0
C14620,0
C14621,0
C14622,0
C14623,0
C14624,0
C14625,0
C14626,1
C14627,0
C14628,0
C14629,0
C14630,1
C14631,2
C14632,0
C14633,1
C14634,2
C14635,0
C14636,0
C14637,0
C14638,0
C14639,2
C14640,1
C14641,0
C14642,1
C14643,1
C14644,0
C14645,0
C14646,0
C14647,0
C14648,0
C14649,0
C14650,0
C14651,0
C14652,0
C14653,0
C14654,0
C14655,0
C14656,1
C14657,1
C14658,0
C14659,0
C14660,1
C14661,0
C14662,0
C14663,0
C14664,0
C14665,1
C14666,0
C14667,1
C14668,0
C14669,0
C14670,0
C14672,0
C14673,0
C14674,0
C14675,0
C14676,2
C14677,0
C14678,1
C14679,1
C14680,0
C14681,0
C14682,2
C14683,1
C14684,2
C14685,2
C14686,0
C14687,0
C14688,2
C14689,0
C14690,2
C14691,2
C14692,2
C14693,0
C14694,0
C14695,2
C14696,2
C14697,0
C14698,0
C14699,0
C14700,0
C14701,1
C14702,0
C14703,0
C14704,0
C14705,2
C14706,0
C14707,2
C14708,2
C14709,0
C14710,1
C14711,2
C14712,1
C14713,0
C14714,1
C14715,0
C14716,0
C14717,0
C14718,0
C14719,0
C14720,0
C14721,2
C14722,0
C14723,2
C14724,2
C14725,0
C14726,0
C14727,0
C14728,2
C14729,0
C14730,0
C14731,0
C14732,0
C14733,0
C14734,0
C14735,2
C14736,1
C14737,0
C14738,0
C14739,0
C14740,1
C14741,0
C14742,0
C14743,2
C14744,1
C14745,2
C14746,0
C14747,0
C14748,2
C14749,0
C14750,0
C14751,0
C14752,2
C14753,0
C14754,0
C14755,0
C14756,1
C14757,0
C14758,2
C14759,0
C14760,0
C14761,0
C14762,0
C14763,0
C14764,1
C14765,1
C14766,2
C14767,0
C14768,2
C14769,1
C14770,0
C14771,1
C14772,2
C14773,0
C14774,0
C14775,0
C14776,0
C14777,2
C14778,0
C14779,0
C14780,0
C14781,0
C14783,2
C14784,0
C14785,2
C14786,0
C14787,2
C14788,1
C14789,0
C14790,0
C14791,0
C14792,0
C14793,0
C14794,0
C14795,1
C14796,0
C14797,0
C14798,0
C14799,0
C14800,0
C14802,0
C14803,2
C14804,0
C14805,0
C14806,0
C14807,0
C14808,0
C14809,0
C14810,0
C14811,0
C14812,2
C14813,0
C14814,2
C14815,0
C14816,0
C14817,0
C14818,0
C14819,0
C14820,0
C14821,0
C14822,0
C14823,0
C14824,0
C14825,0
C14826,0
C14827,0
C14828,2
C14829,0
C14830,0
C14831,0
C14832,0
C14833,0
C14834,1
C14835,1
C14836,2
C14837,1
C14838,0
C14839,0
C14841,1
C14842,0
C14843,2
C14844,2
C14845,0
C14846,2
C14847,0
C14848,0
C14849,2
C14850,2
C14851,2
C14852,0
C14853,2
C14854,0
C14855,0
C14856,0
C14857,0
C14858,0
C14859,2
C14860,0
C14861,0
C14862,0
C14863,0
C14864,0
C14865,0
C14866,2
C14867,0
C14868,2
C14870,0
C14871,0
C14872,0
C14873,2
C14874,2
C14876,2
C14877,0
C14878,2
C14879,0
C14880,2
C14881,0
C14882,0
C14884,0
C14885,2
C14886,2
C14887,0
C14888,1
C14889,0
C14890,1
C14892,1
C14894,1
C14895,0
C14896,0
C14897,1
C14898,0
C14899,0
C14900,0
C14901,0
C14902,1
C14903,0
C14904,0
C14905,0
C14906,2
C14907,1
C14908,0
C14909,0
C14910,0
C14911,0
C14912,0
C14913,0
C14914,0
C14915,0
C14916,0
C14917,0
C14918,1
C14919,0
C14920,0
C14921,0
C14922,0
C14923,0
C14924,1
C14925,0
C14926,0
C14927,0
C14928,0
C14929,0
C14930,2
C14931,1
C14932,0
C14933,0
C14934,2
C14935,0
C14936,0
C14937,2
C14938,0
C14939,0
C14940,0
C14941,0
C14942,0
C14943,0
C14944,0
C14945,0
C14946,2
C14947,0
C14948,0
C14949,0
C14950,0
C14951,0
C14952,0
C14953,0
C14954,1
C14955,0
C14956,0
C14957,2
C14958,0
C14959,0
C14960,1
C14961,2
C14962,1
C14963,0
C14964,1
C14965,0
C14966,0
C14967,0
C14968,0
C14969,0
C14970,2
C14971,0
C14972,0
C14973,0
C14974,0
C14975,0
C14976,0
C14977,0
C14978,0
C14979,1
C14980,2
C14981,0
C14982,0
C14983,0
C14984,0
C14985,0
C14986,0
C14987,0
C14988,0
C14989,0
C14990,2
C14991,0
C14992,0
C14993,0
C14994,0
C14995,0
C14996,1
C14997,0
C14998,0
C15000,0
C15001,0
C15002,0
C15003,1
C15004,0
C15005,2
C15006,0
C15007,0
C15008,0
C15009,0
C15010,0
C15011,0
C15012,2
C15013,0
C15014,1
C15015,0
C15016,0
C15017,0
C15018,0
C15019,0
C15020,0
C15021,0
C15022,0
C15023,0
C15025,0
C15026,0
C15027,1
C15028,0
C15029,0
C15030,0
C15031,2
C15032,0
C15033,0
C15034,2
C15035,0
C15036,1
C15037,1
C15038,0
C15039,0
C15040,1
C15041,1
C15042,1
C15043,2
C15044,0
C15045,0
C15046,0
C15047,1
C15048,0
C15049,1
C15050,0
C15051,0
C15052,0
C15054,0
C15055,0
C15056,1
C15057,1
C15058,1
C15059,0
C15060,0
C15061,0
C15062,0
C15063,0
C15064,0
C15065,0
C15067,0
C15068,0
C15069,0
C15070,0
C15071,0
C15073,2
C15074,0
C15075,0
C15076,0
C15077,0
C15078,0
C15079,0
C15080,0
C15081,0
C15082,0
C15083,0
C15084,2
C15085,0
C15086,0
C15087,2
C15088,0
C15089,1
C15090,0
C15091,2
C15092,2
C15093,0
C15094,0
C15095,0
C15096,0
C15097,0
C15098,1
C15099,2
C15100,0
C15101,2
C15102,0
C15103,0
C15104,1
C15105,2
C15106,0
C15107,0
C15108,0
C15109,0
C15110,0
C15111,2
C15112,0
C15113,0
C15114,0
C15115,0
C15116,2
C15117,0
C15118,1
C15121,0
C15122,1
C15123,2
C15124,0
C15125,1
C15126,0
C15127,0
C15128,0
C15129,0
C15130,2
C15131,0
C15132,2
C15133,0
C15134,0
C15135,0
C15136,2
C15137,0
C15138,0
C15139,2
C15140,0
C15141,0
C15142,1
C15143,0
C15144,0
C15145,2
C15146,2
C15147,0
C15148,0
C15149,0
C15150,0
C15151,1
C15152,0
C15153,0
C15154,0
C15155,0
C15156,0
C15157,1
C15158,0
C15159,1
C15160,0
C15161,0
C15162,0
C15163,1
C15164,1
C15165,0
C15166,0
C15167,0
C15168,1
C15169,1
C15170,0
C15171,0
C15172,2
C15173,2
C15174,2
C15175,0
C15177,2
C15178,0
C15179,0
C15180,2
C15181,1
C15182,0
C15183,0
C15184,2
C15185,0
C15186,1
C15187,2
C15188,1
C15189,0
C15190,1
C15191,0
C15192,0
C15193,1
C15194,2
C15195,2
C15196,1
C15197,0
C15198,0
C15199,0
C15200,0
C15201,2
C15202,0
C15203,2
C15204,0
C15206,0
C15207,0
C15208,0
C15209,0
C15210,0
C15211,2
C15212,2
C15213,0
C15214,0
C15215,0
C15216,0
C15217,0
C15218,0
C15219,0
C15220,0
C15221,1
C15222,2
C15223,0
C15224,0
C15225,0
C15226,2
C15227,0
C15228,0
C15229,1
C15230,0
C15232,1
C15233,1
C15234,0
C15235,1
C15236,0
C15237,0
C15239,1
C15240,0
C15241,0
C15242,0
C15243,0
C15244,0
C15245,0
C15246,2
C15247,0
C15248,0
C15249,0
C15250,0
C15251,0
C15252,0
C15253,0
C15254,0
C15255,0
C15256,1
C15257,0
C15258,0
C15259,0
C15260,0
C15261,2
C15262,0
C15263,0
C15264,0
C15265,0
C15266,0
C15267,0
C15268,2
C15269,0
C15270,0
C15271,0
C15272,0
C15273,1
C15274,1
C15275,0
C15276,0
C15277,2
C15278,0
C15279,2
C15280,1
C15281,1
C15282,1
C15283,0
C15284,2
C15285,2
C15286,0
C15287,0
C15288,0
C15289,2
C15290,0
C15291,0
C15292,0
C15293,0
C15294,0
C15295,0
C15296,0
C15297,0
C15298,1
C15299,2
C15300,0
C15301,1
C15302,0
C15303,0
C15304,0
C15305,0
C15306,0
C15307,0
C15308,2
C15309,0
C15310,0
C15311,2
C15312,0
C15313,1
C15314,0
C15315,0
C15316,2
C15317,0
C15318,0
C15319,0
C15320,1
C15321,0
C15322,0
C15323,2
C15324,0
C15325,0
C15326,2
C15327,0
C15328,0
C15329,0
C15330,0
C15331,0
C15332,0
C15333,0
C15334,1
C15335,0
C15336,0
C15337,0
C15338,0
C15339,1
C15341,0
C15342,0
C15343,1
C15344,2
C15345,0
C15346,0
C15347,2
C15348,0
C15349,0
C15350,2
C15351,0
C15352,0
C15353,0
C15354,1
C15355,0
C15356,0
C15357,0
C15358,1
C15359,0
C15360,2
C15361,0
C15362,0
C15364,1
C15365,1
C15366,0
C15367,2
C15368,1
C15369,0
C15370,0
C15371,0
C15372,2
C15373,1
C15374,0
C15375,0
C15376,1
C15377,0
C15378,0
C15379,0
C15380,0
C15381,0
C15382,0
C15383,0
C15384,0
C15385,0
C15386,0
C15387,1
C15388,0
C15389,0
C15390,2
C15391,0
C15392,0
C15393,0
C15394,0
C15395,0
C15396,0
C15397,0
C15398,0
C15399,0
C15400,0
C15401,0
C15402,2
C15403,0
C15404,0
C15405,0
C15406,0
C15407,1
C15408,0
C15409,0
C15410,0
C15411,1
C15412,0
C15413,2
C15414,1
C15415,1
C15417,0
C15418,0
C15419,2
C15420,0
C15421,1
C15422,2
C15423,1
C15424,1
C15425,0
C15426,0
C15427,0
C15428,1
C15429,2
C15430,2
C15431,0
C15432,0
C15433,0
C15435,0
C15436,2
C15437,0
C15438,0
C15439,0
C15440,0
C15441,0
C15442,0
C15443,0
C15444,2
C15445,2
C15446,0
C15448,2
C15449,0
C15450,0
C15451,0
C15452,0
C15453,0
C15454,0
C15455,0
C15456,0
C15457,0
C15459,0
C15460,0
C15461,1
C15462,2
C15463,2
C15464,0
C15465,0
C15466,0
C15467,0
C15469,0
C15470,0
C15471,2
C15472,0
C15473,0
C15474,0
C15475,0
C15476,0
C15477,0
C15478,0
C15479,1
C15480,0
C15481,0
C15482,2
C15483,0
C15484,0
C15485,0
C15486,1
C15487,0
C15488,0
C15489,0
C15490,1
C15491,0
C15492,1
C15493,2
C15494,0
C15495,0
C15496,0
C15497,2
C15498,0
C15499,1
C15500,0
C15501,2
C15502,0
C15503,0
C15504,2
C15505,0
C15506,0
C15507,0
C15508,2
C15509,0
C15510,1
C15511,0
C15512,2
C15513,0
C15514,0
C15515,2
C15516,0
C15517,0
C15519,2
C15520,0
C15521,0
C15522,0
C15523,2
C15524,2
C15525,0
C15526,0
C15527,2
C15528,0
C15529,0
C15530,1
C15531,0
C15532,0
C15533,0
C15534,2
C15535,0
C15536,0
C15537,0
C15538,2
C15539,0
C15540,2
C15541,0
C15542,2
C15543,0
C15544,0
C15545,0
C15546,0
C15547,0
C15548,2
C15549,0
C15550,1
C15551,0
C15552,0
C15553,1
C15554,1
C15555,0
C15556,0
C15557,1
C15558,0
C15559,0
C15560,0
C15561,2
C15562,1
C15563,2
C15564,0
C15565,0
C15566,0
C15567,0
C15568,0
C15569,0
C15570,0
C15571,0
C15572,0
C15573,0
C15574,1
C15575,2
C15576,2
C15577,0
C15578,0
C15579,0
C15580,1
C15581,0
C15582,0
C15583,0
C15584,0
C15585,0
C15586,0
C15587,2
C15588,0
C15589,0
C15590,0
C15591,0
C15592,0
C15593,2
C15594,0
C15595,0
C15596,0
C15597,1
C15598,2
C15599,2
C15600,1
C15601,0
C15602,0
C15603,1
C15604,0
C15605,2
C15606,1
C15607,1
C15608,0
C15609,0
C15610,0
C15611,0
C15612,0
C15613,2
C15614,2
C15615,0
C15616,0
C15617,0
C15618,0
C15619,0
C15620,0
C15621,2
C15622,0
C15623,0
C15624,0
C15625,1
C15626,0
C15627,0
C15628,1
C15629,1
C15630,0
C15631,0
C15632,0
C15633,0
C15634,2
C15636,0
C15637,2
C15638,0
C15639,0
C15640,2
C15641,0
C15642,2
C15643,2
C15644,0
C15645,0
C15646,0
C15647,2
C15648,0
C15649,1
C15650,0
C15651,2
C15652,0
C15653,2
C15654,1
C15655,0
C15656,0
C15657,0
C15658,2
C15659,0
C15660,0
C15661,2
C15662,0
C15663,0
C15664,2
C15666,0
C15667,0
C15668,0
C15669,1
C15670,1
C15671,1
C15672,0
C15673,0
C15674,0
C15675,2
C15676,0
C15677,2
C15678,1
C15680,0
C15681,1
C15682,0
C15683,0
C15684,0
C15685,0
C15686,0
C15687,1
C15688,0
C15689,0
C15690,0
C15691,0
C15692,0
C15693,0
C15694,2
C15695,0
C15696,0
C15697,0
C15698,0
C15699,2
C15700,1
C15701,1
C15702,0
C15703,1
C15704,2
C15705,1
C15706,0
C15707,0
C15708,0
C15709,2
C15710,0
C15711,0
C15712,0
C15713,2
C15714,0
C15715,0
C15716,0
C15717,0
C15718,0
C15719,1
C15720,0
C15721,0
C15722,2
C15723,1
C15724,2
C15725,2
C15726,0
C15727,0
C15728,2
C15729,1
C15730,0
C15731,1
C15732,0
C15733,0
C15734,0
C15735,0
C15736,2
C15737,2
C15738,0
C15739,0
C15740,0
C15741,2
C15742,1
C15743,2
C15744,0
C15745,0
C15746,0
C15747,0
C15748,0
C15749,0
C15750,0
C15751,0
C15752,2
C15753,1
C15754,2
C15755,1
C15756,0
C15757,0
C15758,2
C15759,0
C15760,0
C15761,0
C15762,0
C15763,2
C15764,0
C15765,0
C15766,2
C15767,0
C15768,0
C15769,0
C15770,1
C15771,0
C15773,0
C15774,0
C15775,0
C15776,0
C15777,0
C15778,0
C15779,2
C15780,0
C15781,0
C15782,0
C15783,0
C15784,0
C15785,0
C15786,0
C15787,0
C15789,0
C15790,2
C15791,0
C15792,0
C15793,0
C15794,2
C15795,0
C15796,0
C15797,0
C15798,0
C15799,0
C15800,0
C15801,0
C15802,0
C15803,1
C15804,2
C15805,0
C15806,0
C15807,1
C15808,0
C15809,0
C15810,0
C15811,0
C15812,0
C15813,0
C15814,0
C15815,2
C15816,0
C15817,0
C15818,0
C15819,2
C15820,2
C15821,0
C15822,0
C15823,2
C15824,0
C15825,2
C15826,0
C15827,0
C15828,0
C15829,0
C15830,0
C15831,1
C15832,1
C15833,0
C15834,0
C15835,0
C15836,0
C15837,0
C15838,0
C15839,0
C15840,0
C15841,0
C15842,0
C15843,0
C15844,0
C15845,1
C15846,0
C15847,0
C15848,0
C15849,0
C15850,0
C15851,0
C15852,1
C15853,1
C15854,0
C15856,0
C15857,0
C15858,0
C15859,2
C15860,0
C15861,0
C15862,0
C15863,2
C15864,2
C15865,0
C15866,0
C15867,0
C15868,0
C15869,0
C15870,2
C15871,0
C15872,1
C15873,0
C15874,0
C15875,2
C15876,2
C15877,0
C15878,0
C15879,2
C15880,2
C15881,0
C15882,0
C15883,0
C15885,0
C15886,2
C15887,0
C15888,0
C15889,0
C15890,0
C15891,0
C15892,0
C15893,2
C15894,0
C15895,0
C15896,2
C15897,2
C15898,0
C15899,0
C15900,2
C15901,2
C15902,1
C15903,0
C15904,1
C15905,0
C15906,0
C15907,0
C15908,0
C15909,0
C15910,0
C15912,1
C15913,0
C15914,0
C15915,2
C15916,0
C15917,0
C15918,0
C15919,0
C15920,0
C15921,0
C15922,0
C15923,1
C15924,0
C15925,0
C15926,0
C15927,0
C15928,0
C15929,0
C15930,0
C15931,0
C15932,1
C15933,2
C15934,0
C15935,0
C15936,0
C15937,0
C15938,0
C15939,0
C15940,2
C15941,2
C15943,0
C15944,0
C15945,0
C15946,0
C15947,0
C15948,0
C15949,0
C15950,0
C15951,2
C15952,0
C15953,0
C15954,0
C15955,0
C15956,1
C15957,0
C15958,2
C15959,2
C15960,0
C15961,0
C15962,0
C15963,2
C15965,0
C15966,0
C15967,1
C15968,1
C15969,0
C15970,1
C15971,0
C15972,0
C15973,0
C15974,0
C15975,1
C15976,0
C15977,2
C15978,1
C15979,0
C15980,2
C15981,0
C15982,0
C15983,0
C15984,0
C15985,0
C15986,2
C15987,0
C15988,0
C15989,1
C15990,0
C15991,0
C15992,0
C15993,2
C15994,1
C15995,1
C15996,0
C15997,0
C15998,2
C15999,0
C16000,0
C16001,2
C16002,1
C16003,2
C16004,0
C16005,2
C16007,0
C16008,0
C16009,0
C16010,0
C16011,1
C16012,0
C16013,0
C16014,2
C16015,2
C16016,1
C16017,0
C16018,0
C16019,0
C16020,2
C16021,0
C16022,0
C16023,0
C16024,1
C16025,1
C16026,0
C16028,0
C16029,0
C16030,2
C16031,1
C16032,0
C16033,0
C16034,0
C16035,0
C16036,0
C16037,0
C16038,0
C16039,0
C16040,0
C16041,0
C16042,0
C16043,0
C16045,0
C16046,2
C16047,0
C16048,0
C16049,1
C16050,0
C16051,0
C16052,0
C16053,2
C16054,0
C16055,0
C16056,1
C16057,0
C16058,0
C16059,2
C16060,0
C16061,0
C16062,0
C16063,0
C16064,0
C16065,0
C16066,0
C16067,0
C16068,0
C16069,2
C16070,0
C16071,0
C16072,0
C16073,0
C16074,0
C16075,2
C16076,0
C16077,0
C16078,0
C16079,2
C16080,0
C16081,0
C16082,0
C16083,0
C16084,0
C16085,2
C16086,0
C16087,0
C16088,0
C16089,0
C16090,0
C16091,0
C16092,2
C16093,0
C16094,0
C16095,1
C16096,0
C16097,0
C16098,0
C16099,2
C16100,2
C16101,1
C16102,1
C16103,1
C16104,0
C16105,0
C16106,0
C16107,0
C16108,2
C16109,0
C16110,2
C16111,1
C16112,0
C16113,0
C16114,2
C16115,0
C16116,0
C16117,0
C16118,2
C16119,0
C16120,0
C16121,0
C16122,0
C16123,0
C16124,0
C16125,0
C16126,0
C16127,0
C16128,0
C16129,0
C16130,1
C16131,1
C16132,0
C16133,0
C16134,2
C16135,0
C16136,2
C16137,0
C16138,1
C16139,0
C16140,0
C16141,0
C16142,0
C16143,2
C16144,0
C16145,0
C16146,0
C16147,1
C16148,2
C16149,0
C16150,0
C16151,0
C16153,0
C16154,0
C16155,2
C16157,2
C16158,2
C16159,0
C16160,0
C16161,2
C16162,2
C16163,0
C16164,0
C16165,1
C16166,0
C16167,2
C16168,1
C16169,0
C16171,0
C16172,0
C16173,2
C16174,0
C16175,0
C16176,0
C16177,0
C16178,1
C16179,0
C16180,0
C16181,0
C16182,0
C16184,0
C16185,2
C16186,0
C16187,0
C16188,0
C16189,0
C16190,0
C16191,1
C16192,0
C16193,0
C16194,0
C16195,0
C16196,0
C16197,1
C16198,1
C16199,0
C16200,0
C16201,0
C16202,0
C16203,0
C16204,0
C16205,0
C16206,0
C16207,0
C16208,1
C16209,0
C16210,1
C16212,1
C16213,0
C16214,1
C16215,0
C16216,2
C16217,2
C16218,2
C16219,0
C16220,1
C16221,1
C16222,0
C16223,0
C16224,0
C16225,0
C16226,1
C16227,0
C16228,0
C16229,0
C16230,0
C16231,1
C16232,0
C16233,0
C16234,1
C16235,0
C16236,1
C16237,0
C16238,2
C16239,0
C16240,0
C16241,0
C16242,0
C16243,0
C16244,2
C16245,2
C16246,0
C16247,1
C16248,0
C16249,2
C16250,2
C16251,0
C16252,0
C16253,0
C16254,0
C16255,1
C16256,0
C16257,0
C16258,0
C16259,0
C16260,0
C16261,1
C16262,1
C16263,0
C16264,2
C16265,0
C16266,0
C16267,0
C16268,0
C16269,0
C16270,0
C16271,0
C16272,0
C16273,2
C16274,0
C16275,0
C16276,0
C16277,2
C16278,0
C16279,0
C16280,1
C16281,0
C16282,0
C16283,2
C16284,0
C16285,0
C16286,0
C16287,0
C16288,0
C16289,0
C16290,2
C16291,2
C16292,1
C16293,0
C16294,2
C16295,2
C16296,0
C16297,2
C16298,0
C16299,1
C16300,2
C16301,0
C16302,1
C16303,2
C16304,0
C16305,0
C16306,0
C16307,0
C16308,0
C16309,2
C16310,0
C16311,2
C16312,1
C16313,2
C16314,2
C16315,2
C16316,0
C16317,2
C16318,0
C16319,0
C16320,0
C16321,0
C16322,1
C16323,0
C16324,1
C16325,0
C16326,1
C16327,0
C16328,0
C16329,2
C16330,0
C16331,0
C16332,2
C16333,0
C16334,0
C16335,0
C16336,2
C16337,2
C16338,2
C16339,0
C16340,0
C16341,0
C16342,0
C16343,2
C16345,0
C16346,0
C16347,0
C16348,1
C16349,0
C16350,0
C16351,0
C16352,0
C16353,2
C16354,0
C16355,0
C16356,1
C16357,0
C16358,0
C16359,0
C16360,0
C16361,0
C16362,0
C16363,0
C16364,0
C16365,0
C16366,0
C16367,0
C16369,0
C16370,0
C16371,1
C16372,0
C16373,2
C16374,0
C16375,0
C16376,0
C16377,0
C16378,2
C16379,1
C16380,0
C16381,2
C16382,0
C16383,0
C16384,2
C16385,2
C16386,0
C16387,0
C16388,2
C16389,1
C16390,0
C16391,0
C16392,1
C16393,0
C16394,0
C16395,0
C16396,2
C16397,0
C16398,0
C16399,0
C16400,0
C16401,2
C16402,0
C16403,1
C16404,0
C16405,0
C16406,0
C16407,0
C16408,0
C16409,0
C16410,0
C16411,0
C16412,0
C16414,2
C16415,2
C16416,0
C16417,0
C16418,2
C16419,0
C16421,0
C16422,2
C16423,0
C16424,1
C16425,0
C16426,2
C16427,0
C16428,0
C16429,0
C16430,2
C16431,0
C16432,0
C16433,1
C16434,2
C16435,0
C16436,0
C16437,0
C16438,0
C16439,1
C16440,0
C16441,2
C16442,0
C16443,0
C16444,0
C16445,0
C16446,0
C16447,2
C16448,1
C16449,0
C16450,1
C16451,0
C16452,0
C16453,0
C16454,1
C16455,0
C16456,0
C16457,2
C16458,0
C16459,1
C16460,2
C16461,0
C16462,1
C16463,2
C16464,0
C16465,1
C16466,0
C16467,1
C16468,2
C16469,2
C16470,0
C16471,1
C16472,1
C16473,0
C16474,0
C16475,0
C16476,0
C16477,0
C16478,0
C16479,0
C16480,1
C16481,0
C16482,0
C16483,2
C16484,0
C16485,0
C16486,0
C16487,0
C16488,0
C16489,0
C16490,0
C16491,0
C16492,0
C16493,2
C16494,1
C16495,1
C16496,0
C16497,0
C16498,1
C16499,2
C16500,0
C16501,2
C16502,0
C16503,0
C16504,1
C16505,2
C16506,1
C16507,0
C16508,2
C16509,1
C16510,0
C16511,1
C16512,0
C16513,0
C16514,0
C16515,0
C16516,2
C16517,0
C16518,0
C16519,2
C16520,0
C16521,2
C16522,0
C16523,0
C16524,0
C16525,0
C16526,2
C16527,1
C16528,0
C16529,0
C16530,2
C16531,0
C16532,0
C16533,0
C16534,0
C16535,2
C16536,2
C16537,0
C16538,0
C16539,2
C16540,0
C16541,0
C16542,0
C16543,2
C16544,0
C16545,0
C16546,2
C16547,0
C16548,0
C16549,0
C16550,0
C16551,0
C16552,0
C16553,2
C16554,0
C16555,1
C16556,0
C16557,2
C16558,0
C16559,0
C16560,0
C16561,0
C16562,0
C16563,0
C16564,0
C16565,1
C16566,0
C16567,0
C16568,2
C16569,0
C16570,0
C16571,0
C16572,2
C16573,0
C16574,0
C16575,0
C16576,0
C16577,0
C16578,0
C16579,1
C16580,2
C16581,2
C16583,0
C16584,2
C16585,0
C16586,0
C16587,2
C16588,2
C16589,0
C16590,0
C16591,0
C16592,0
C16593,2
C16594,0
C16595,2
C16596,0
C16597,2
C16598,2
C16599,0
C16600,1
C16601,0
C16602,1
C16603,0
C16604,1
C16605,1
C16606,2
C16607,1
C16608,0
C16609,2
C16610,0
C16611,1
C16612,0
C16613,0
C16614,0
C16615,0
C16616,0
C16617,0
C16618,0
C16619,1
C16620,0
C16621,2
C16622,0
C16623,0
C16625,0
C16626,0
C16627,0
C16628,2
C16629,0
C16630,0
C16631,0
C16632,2
C16633,0
C16634,0
C16635,0
C16636,1
C16637,0
C16638,0
C16639,0
C16640,0
C16641,0
C16642,0
C16643,0
C16644,0
C16645,0
C16646,0
C16647,0
C16648,0
C16650,0
C16651,0
C16652,2
C16653,0
C16654,0
C16655,2
C16656,0
C16657,2
C16658,1
C16659,0
C16660,0
C16661,0
C16662,2
C16663,2
C16664,0
C16665,0
C16666,2
C16667,0
C16668,0
C16669,0
C16670,0
C16671,0
C16672,2
C16673,0
C16674,1
C16675,0
C16676,0
C16677,1
C16678,0
C16679,0
C16680,0
C16681,0
C16682,0
C16683,0
C16684,0
C16685,0
C16686,0
C16687,0
C16688,0
C16689,0
C16690,1
C16691,0
C16692,0
C16693,0
C16694,1
C16695,0
C16697,0
C16698,0
C16699,0
C16700,2
C16701,0
C16702,0
C16703,0
C16704,0
C16705,0
C16706,0
C16707,0
C16708,0
C16709,0
C16710,0
C16711,0
C16712,0
C16713,0
C16714,0
C16715,0
C16716,0
C16717,2
C16718,0
C16719,0
C16720,0
C16721,0
C16722,0
C16723,0
C16724,0
C16725,0
C16726,0
C16727,0
C16728,0
C16729,2
C16730,0
C16731,0
C16732,0
C16733,1
C16734,0
C16735,0
C16736,2
C16737,0
C16738,0
C16739,1
C16740,0
C16741,0
C16742,0
C16743,2
C16744,0
C16745,2
C16746,0
C16747,2
C16748,0
C16749,0
C16750,0
C16751,0
C16752,0
C16753,0
C16755,0
C16757,2
C16758,1
C16759,0
C16760,0
C16761,0
C16762,1
C16763,0
C16764,0
C16765,0
C16766,0
C16767,2
C16768,1
C16769,0
C16770,2
C16771,0
C16772,0
C16773,0
C16774,2
C16775,0
C16776,0
C16777,2
C16778,0
C16779,2
C16780,0
C16781,1
C16782,2
C16784,0
C16785,1
C16786,0
C16787,0
C16789,0
C16790,0
C16791,0
C16792,0
C16793,0
C16794,0
C16795,2
C16796,0
C16797,0
C16798,0
C16799,1
C16800,0
C16801,0
C16802,0
C16803,0
C16804,0
C16805,2
C16806,1
C16807,1
C16808,0
C16809,1
C16810,1
C16811,0
C16812,1
C16813,0
C16814,0
C16815,1
C16816,2
C16817,0
C16818,1
C16819,0
C16820,0
C16821,0
C16822,0
C16823,1
C16824,0
C16825,0
C16826,0
C16827,0
C16828,0
C16829,0
C16831,1
C16832,0
C16833,0
C16834,1
C16835,0
C16836,0
C16837,2
C16838,2
C16839,0
C16840,0
C16841,0
C16842,0
C16843,0
C16844,0
C16845,0
C16847,0
C16849,0
C16850,0
C16851,0
C16852,1
C16854,2
C16855,0
C16856,0
C16857,2
C16858,0
C16859,0
C16860,0
C16861,0
C16862,0
C16863,2
C16864,0
C16865,1
C16866,2
C16867,0
C16868,2
C16869,2
C16870,2
C16871,0
C16872,0
C16873,1
C16874,0
C16875,0
C16876,1
C16877,0
C16878,0
C16880,0
C16881,1
C16882,0
C16883,0
C16884,2
C16885,0
C16886,0
C16887,0
C16888,0
C16889,2
C16890,2
C16891,0
C16892,1
C16893,0
C16894,0
C16895,2
C16896,0
C16897,1
C16898,0
C16899,0
C16900,0
C16901,1
C16902,0
C16903,0
C16904,2
C16905,0
C16906,2
C16907,0
C16908,0
C16909,0
C16910,0
C16911,0
C16912,0
C16913,0
C16914,2
C16915,0
C16916,0
C16917,0
C16918,0
C16919,0
C16920,0
C16921,0
C16922,0
C16923,0
C16924,0
C16925,0
C16926,0
C16927,0
C16928,0
C16929,0
C16930,2
C16931,0
C16932,0
C16933,0
C16934,0
C16935,1
C16936,0
C16937,1
C16938,1
C16939,0
C16940,0
C16941,0
C16942,0
C16943,0
C16944,2
C16945,0
C16946,2
C16947,2
C16948,0
C16949,0
C16950,0
C16951,0
C16952,0
C16953,0
C16954,0
C16955,2
C16956,0
C16957,0
C16958,0
C16959,0
C16960,0
C16961,0
C16962,0
C16963,0
C16964,0
C16965,0
C16966,0
C16967,0
C16968,0
C16969,2
C16970,0
C16971,0
C16972,0
C16973,2
C16974,2
C16975,0
C16976,1
C16977,0
C16978,0
C16979,0
C16980,2
C16981,0
C16982,0
C16983,0
C16984,0
C16985,0
C16986,1
C16987,0
C16988,0
C16989,0
C16990,0
C16991,0
C16992,0
C16993,0
C16994,2
C16995,0
C16996,0
C16997,0
C16998,0
C16999,0
C17000,0
C17001,0
C17002,0
C17003,0
C17004,0
C17005,0
C17006,1
C17007,0
C17008,0
C17009,0
C17010,2
C17011,0
C17012,0
C17013,0
C17014,2
C17015,0
C17016,0
C17017,2
C17018,0
C17019,0
C17020,0
C17021,0
C17022,0
C17023,1
C17024,0
C17025,0
C17026,2
C17027,0
C17028,0
C17029,0
C17030,0
C17031,0
C17032,0
C17033,0
C17034,0
C17035,0
C17036,0
C17037,0
C17038,0
C17039,2
C17040,0
C17041,0
C17042,0
C17043,0
C17044,0
C17045,1
C17046,2
C17047,0
C17048,0
C17049,0
C17050,0
C17051,2
C17052,2
C17053,0
C17054,0
C17055,0
C17056,2
C17057,0
C17058,0
C17059,0
C17060,2
C17062,0
C17063,0
C17064,0
C17065,0
C17066,0
C17067,0
C17068,0
C17069,0
C17070,0
C17071,0
C17072,2
C17073,2
C17074,0
C17075,0
C17076,0
C17077,0
C17078,2
C17079,0
C17080,0
C17081,0
C17082,2
C17083,0
C17084,1
C17085,0
C17086,0
C17087,2
C17088,0
C17089,2
C17090,0
C17091,0
C17092,0
C17093,0
C17094,2
C17095,1
C17096,0
C17097,0
C17098,2
C17099,2
C17100,0
C17101,0
C17102,0
C17103,2
C17104,0
C17105,1
C17106,0
C17107,0
C17108,0
C17109,0
C17110,0
C17111,0
C17112,0
C17113,0
C17114,0
C17115,2
C17116,0
C17117,0
C17118,1
C17119,0
C17120,0
C17121,0
C17122,0
C17123,0
C17124,0
C17125,0
C17126,0
C17127,0
C17128,0
C17129,0
C17130,0
C17131,0
C17132,2
C17133,1
C17134,0
C17135,0
C17136,0
C17137,0
C17138,2
C17139,0
C17140,2
C17141,0
C17142,0
C17143,0
C17144,0
C17145,2
C17146,0
C17147,0
C17148,0
C17149,0
C17150,0
C17151,0
C17152,2
C17153,2
C17154,2
C17156,0
C17157,0
C17158,0
C17159,2
C17160,0
C17161,0
C17162,0
C17163,0
C17164,0
C17165,0
C17166,0
C17167,0
C17168,1
C17169,0
C17170,0
C17172,0
C17173,0
C17174,0
C17175,0
C17176,0
C17177,2
C17178,0
C17179,0
C17180,0
C17181,1
C17182,0
C17183,1
C17184,0
C17185,0
C17186,2
C17187,0
C17188,2
C17189,0
C17190,0
C17191,0
C17192,0
C17193,0
C17194,0
C17195,0
C17196,0
C17197,0
C17198,0
C17199,1
C17200,0
C17201,0
C17202,2
C17203,0
C17204,1
C17205,0
C17206,2
C17207,0
C17208,0
C17209,0
C17210,0
C17211,0
C17212,2
C17213,0
C17214,0
C17215,0
C17216,0
C17217,0
C17218,2
C17219,0
C17220,0
C17221,0
C17222,0
C17223,0
C17224,0
C17225,0
C17226,0
C17227,0
C17228,0
C17229,0
C17230,0
C17231,2
C17232,2
C17233,0
C17234,0
C17235,0
C17236,0
C17237,1
C17239,0
C17240,0
C17241,0
C17242,2
C17243,0
C17244,0
C17245,0
C17246,0
C17247,0
C17248,0
C17249,0
C17250,0
C17251,0
C17252,0
C17253,0
C17254,0
C17255,0
C17256,2
C17257,0
C17258,0
C17259,0
C17260,0
C17261,0
C17262,0
C17263,0
C17264,0
C17265,2
C17266,0
C17267,0
C17268,0
C17269,2
C17270,1
C17271,0
C17272,2
C17273,0
C17274,0
C17275,0
C17276,0
C17277,0
C17278,2
C17279,0
C17280,0
C17281,0
C17282,0
C17283,0
C17284,0
C17285,0
C17286,0
C17287,0
C17288,0
C17289,0
C17290,1
C17291,0
C17292,0
C17293,0
C17294,0
C17295,0
C17296,0
C17297,0
C17298,0
C17299,0
C17300,0
C17302,0
C17303,0
C17304,1
C17305,0
C17306,0
C17307,0
C17308,0
C17309,0
C17310,0
C17311,1
C17312,0
C17313,0
C17314,0
C17315,1
C17316,0
C17317,1
C17318,0
C17319,0
C17320,1
C17321,0
C17322,0
C17323,0
C17324,0
C17325,2
C17326,2
C17327,0
C17328,0
C17329,0
C17330,0
C17331,0
C17332,0
C17334,0
C17335,0
C17336,0
C17337,0
C17338,0
C17339,0
C17340,0
C17341,0
C17342,0
C17343,0
C17344,1
C17345,0
C17346,1
C17347,0
C17348,0
C17349,0
C17350,2
C17351,2
C17352,0
C17353,0
C17354,0
C17355,2
C17356,2
C17357,0
C17358,0
C17359,2
C17360,0
C17361,0
C17362,0
C17363,0
C17364,0
C17365,0
C17366,0
C17367,0
C17368,0
C17369,1
C17370,0
C17371,0
C17372,2
C17373,0
C17374,0
C17376,2
C17377,2
C17378,0
C17379,1
C17380,0
C17381,0
C17382,0
C17383,0
C17384,0
C17385,0
C17386,0
C17387,2
C17388,2
C17389,0
C17390,2
C17391,0
C17392,0
C17393,2
C17394,2
C17395,2
C17396,0
C17397,2
C17398,0
C17399,2
C17400,0
C17401,0
C17402,0
C17403,0
C17404,0
C17405,2
C17406,2
C17407,2
C17408,0
C17409,0
C17410,0
C17411,0
C17412,2
C17413,0
C17414,2
C17415,0
C17416,0
C17417,2
C17418,0
C17419,0
C17420,0
C17421,0
C17422,0
C17423,0
C17424,0
C17425,0
C17426,2
C17427,0
C17428,2
C17429,2
C17430,0
C17431,2
C17432,0
C17433,0
C17434,2
C17435,0
C17436,0
C17437,0
C17438,0
C17439,0
C17440,2
C17441,0
C17442,0
C17443,0
C17444,0
C17445,0
C17446,0
C17448,1
C17449,0
C17450,2
C17451,0
C17452,0
C17453,0
C17454,0
C17455,0
C17456,0
C17457,0
C17458,0
C17459,0
C17460,0
C17461,1
C17462,0
C17463,0
C17464,0
C17465,0
C17466,0
C17467,0
C17468,2
C17469,2
C17470,0
C17471,0
C17472,2
C17473,1
C17474,0
C17476,2
C17477,0
C17478,0
C17479,0
C17480,0
C17481,0
C17482,0
C17483,1
C17484,0
C17485,0
C17486,0
C17487,2
C17488,2
C17489,0
C17490,0
C17491,0
C17492,0
C17493,0
C17494,2
C17495,0
C17496,0
C17497,0
C17498,0
C17499,0
C17500,2
C17501,0
C17502,0
C17503,0
C17504,0
C17505,0
C17506,0
C17507,0
C17508,0
C17509,0
C17510,0
C17511,0
C17512,0
C17513,0
C17514,0
C17515,0
C17516,1
C17517,0
C17518,0
C17519,0
C17521,0
C17522,0
C17523,0
C17524,0
C17525,0
C17526,0
C17527,0
C17528,1
C17529,0
C17530,0
C17531,2
C17532,0
C17533,2
C17534,1
C17535,1
C17536,2
C17538,2
C17539,0
C17540,0
C17541,1
C17542,0
C17543,2
C17544,0
C17545,0
C17546,0
C17547,0
C17548,0
C17549,1
C17550,0
C17551,0
C17553,0
C17554,0
C17555,0
C17556,0
C17557,0
C17558,0
C17559,0
C17560,0
C17561,1
C17562,0
C17563,2
C17565,0
C17566,0
C17567,0
C17568,2
C17569,0
C17570,0
C17571,0
C17572,0
C17573,1
C17574,0
C17575,0
C17576,2
C17577,0
C17578,0
C17579,1
C17580,0
C17581,0
C17582,0
C17583,0
C17584,0
C17585,2
C17586,0
C17587,0
C17588,0
C17589,0
C17590,2
C17591,0
C17593,0
C17594,0
C17595,0
C17596,0
C17597,0
C17598,2
C17599,0
C17600,0
C17601,0
C17602,0
C17603,0
C17604,0
C17605,2
C17606,0
C17607,0
C17608,0
C17609,0
C17610,0
C17611,0
C17612,0
C17613,0
C17614,2
C17615,0
C17616,0
C17617,0
C17618,0
C17619,1
C17620,0
C17621,0
C17622,2
C17623,0
C17624,0
C17625,0
C17626,0
C17628,0
C17629,2
C17630,2
C17631,2
C17632,1
C17633,0
C17634,0
C17635,2
C17636,2
C17637,0
C17638,0
C17639,0
C17640,0
C17641,0
C17642,0
C17643,0
C17644,0
C17645,0
C17646,2
C17647,0
C17648,0
C17649,0
C17650,0
C17651,0
C17652,0
C17653,0
C17654,0
C17655,0
C17656,0
C17657,0
C17658,1
C17659,0
C17660,0
C17661,1
C17662,0
C17663,0
C17664,2
C17665,0
C17666,0
C17667,0
C17668,0
C17669,1
C17670,2
C17671,0
C17672,0
C17673,0
C17674,0
C17675,0
C17676,0
C17677,2
C17678,0
C17679,0
C17680,0
C17681,0
C17682,0
C17683,0
C17684,0
C17685,0
C17686,2
C17687,1
C17688,0
C17689,0
C17690,2
C17691,0
C17692,0
C17693,1
C17694,0
C17695,0
C17696,0
C17697,0
C17698,0
C17699,0
C17700,0
C17701,0
C17702,0
C17703,0
C17704,0
C17705,0
C17706,2
C17707,0
C17708,0
C17709,0
C17710,0
C17711,1
C17712,0
C17713,0
C17714,1
C17715,0
C17716,1
C17717,1
C17718,0
C17719,0
C17720,0
C17721,0
C17722,0
C17723,0
C17724,1
C17726,0
C17727,0
C17728,0
C17729,0
C17730,0
C17731,1
C17732,0
C17733,0
C17734,0
C17735,0
C17736,0
C17737,0
C17738,2
C17739,0
C17740,0
C17741,0
C17742,2
C17743,0
C17744,0
C17745,0
C17746,0
C17747,0
C17748,0
C17749,0
C17750,0
C17751,0
C17752,0
C17753,0
C17754,2
C17755,2
C17756,0
C17757,1
C17758,0
C17759,2
C17760,0
C17761,0
C17762,0
C17763,0
C17764,2
C17765,0
C17767,0
C17768,0
C17769,0
C17770,1
C17771,0
C17772,0
C17773,1
C17774,0
C17776,0
C17777,0
C17778,0
C17779,0
C17780,0
C17781,0
C17782,0
C17783,0
C17784,0
C17785,0
C17786,0
C17787,0
C17788,0
C17789,2
C17790,0
C17791,0
C17792,1
C17793,1
C17794,0
C17795,2
C17796,0
C17797,0
C17798,0
C17799,0
C17800,0
C17801,0
C17802,2
C17803,0
C17804,0
C17805,0
C17806,0
C17807,2
C17808,0
C17809,0
C17810,0
C17811,0
C17812,0
C17813,0
C17814,0
C17815,0
C17816,0
C17817,2
C17818,0
C17819,0
C17820,0
C17821,0
C17822,0
C17823,0
C17824,2
C17825,0
C17826,2
C17827,2
C17828,0
C17829,0
C17830,0
C17831,0
C17832,0
C17833,0
C17834,0
C17835,1
C17836,0
C17837,0
C17838,0
C17839,0
C17840,2
C17841,0
C17842,0
C17843,0
C17844,0
C17845,0
C17846,0
C17847,0
C17848,0
C17849,0
C17850,0
C17851,2
C17852,0
C17853,0
C17854,2
C17855,2
C17856,0
C17857,0
C17858,0
C17859,0
C17860,0
C17861,1
C17862,2
C17863,0
C17864,0
C17865,0
C17866,0
C17867,1
C17868,0
C17869,0
C17870,0
C17871,0
C17872,0
C17873,2
C17874,2
C17875,0
C17876,0
C17877,0
C17878,2
C17879,0
C17880,0
C17881,0
C17882,0
C17883,0
C17884,0
C17885,0
C17886,1
C17887,2
C17888,0
C17889,2
C17890,2
C17891,2
C17892,0
C17893,0
C17894,2
C17895,0
C17896,0
C17897,0
C17898,1
C17899,0
C17900,0
C17901,0
C17902,0
C17903,0
C17904,0
C17905,2
C17906,0
C17907,0
C17908,0
C17909,0
C17910,0
C17911,2
C17912,1
C17913,0
C17914,0
C17915,0
C17916,2
C17917,0
C17919,0
C17920,0
C17921,0
C17922,0
C17923,0
C17924,0
C17925,0
C17926,0
C17927,0
C17928,0
C17929,0
C17930,2
C17931,0
C17933,0
C17934,0
C17935,0
C17937,0
C17938,1
C17939,0
C17940,0
C17941,2
C17942,0
C17943,0
C17944,0
C17945,0
C17946,0
C17947,0
C17948,0
C17950,0
C17951,0
C17952,1
C17953,0
C17954,1
C17955,0
C17956,2
C17957,0
C17958,0
C17959,0
C17960,0
C17962,2
C17963,0
C17964,0
C17965,0
C17966,0
C17967,0
C17968,0
C17969,0
C17970,1
C17971,0
C17972,1
C17973,0
C17974,0
C17975,2
C17976,0
C17977,0
C17978,0
C17979,0
C17980,0
C17981,0
C17982,2
C17983,0
C17984,0
C17985,0
C17986,0
C17988,0
C17989,0
C17990,0
C17991,0
C17992,0
C17993,0
C17994,0
C17995,0
C17996,0
C17997,2
C17998,1
C17999,0
C18000,0
C18001,0
C18002,0
C18003,0
C18004,0
C18005,0
C18006,1
C18007,0
C18008,0
C18009,0
C18010,0
C18011,0
C18012,0
C18013,0
C18014,0
C18015,0
C18016,0
C18017,2
C18018,0
C18019,0
C18020,2
C18021,0
C18022,0
C18023,0
C18024,0
C18025,0
C18026,2
C18027,0
C18028,1
C18029,0
C18031,1
C18032,1
C18033,0
C18034,0
C18035,0
C18036,0
C18037,0
C18038,0
C18039,2
C18040,1
C18041,0
C18042,0
C18043,2
C18044,0
C18045,0
C18046,0
C18047,0
C18048,0
C18049,2
C18050,0
C18051,2
C18052,2
C18053,2
C18054,2
C18055,0
C18056,1
C18057,0
C18058,0
C18059,0
C18060,1
C18061,0
C18062,0
C18063,0
C18064,0
C18065,1
C18066,0
C18067,0
C18068,0
C18069,0
C18070,0
C18071,0
C18072,0
C18073,0
C18074,2
C18075,0
C18076,2
C18077,0
C18078,0
C18079,0
C18080,0
C18081,0
C18082,0
C18083,2
C18084,0
C18085,0
C18086,0
C18088,0
C18089,0
C18090,0
C18091,1
C18092,0
C18093,0
C18094,0
C18095,0
C18096,0
C18097,0
C18098,0
C18099,0
C18100,0
C18101,0
C18102,0
C18103,0
C18104,0
C18105,0
C18106,0
C18107,0
C18108,2
C18109,0
C18110,1
C18111,2
C18112,0
C18113,1
C18114,0
C18115,2
C18116,0
C18117,0
C18118,2
C18119,0
C18120,0
C18121,0
C18122,0
C18123,0
C18124,0
C18125,1
C18126,0
C18127,0
C18128,0
C18129,0
C18130,0
C18131,0
C18132,0
C18134,0
C18135,0
C18136,1
C18137,0
C18138,1
C18139,2
C18140,0
C18141,0
C18142,0
C18143,0
C18144,0
C18145,1
C18146,0
C18147,1
C18148,0
C18149,0
C18150,0
C18151,0
C18152,0
C18153,0
C18154,0
C18155,0
C18156,0
C18157,0
C18158,0
C18159,0
C18160,0
C18161,0
C18162,0
C18163,0
C18164,0
C18165,0
C18166,0
C18167,0
C18168,0
C18169,0
C18170,0
C18171,0
C18172,2
C18173,0
C18174,0
C18175,0
C18176,0
C18177,2
C18179,2
C18180,0
C18181,0
C18182,0
C18183,0
C18184,0
C18185,0
C18186,0
C18187,0
C18188,0
C18189,0
C18190,0
C18191,0
C18192,0
C18193,0
C18194,0
C18195,0
C18196,0
C18197,0
C18198,0
C18199,0
C18200,0
C18201,2
C18202,0
C18203,2
C18204,0
C18205,0
C18206,0
C18207,0
C18208,0
C18209,0
C18210,0
C18211,2
C18212,0
C18214,0
C18215,0
C18216,2
C18217,0
C18218,0
C18219,0
C18220,0
C18221,0
C18222,1
C18223,0
C18224,0
C18225,0
C18226,0
C18227,0
C18228,0
C18229,0
C18230,0
C18231,0
C18232,0
C18233,0
C18234,0
C18235,0
C18236,0
C18237,0
C18238,0
C18239,0
C18240,0
C18241,0
C18242,0
C18243,1
C18244,0
C18245,0
C18246,0
C18247,0
C18248,0
C18249,0
C18250,0
C18251,0
C18252,0
C18253,0
C18254,2
C18255,0
C18256,0
C18257,0
C18258,2
C18259,0
C18260,0
C18261,0
C18262,0
C18263,2
C18264,0
C18266,0
C18267,0
C18268,0
C18269,0
C18270,2
C18271,0
C18272,0
C18273,2
C18274,0
C18275,0
C18276,0
C18277,0
C18278,0
C18279,0
C18280,0
C18281,0
C18282,2
C18283,0
C18284,0
C18285,0
C18286,0
C18287,0
C18288,0
C18289,0
C18290,2
C18291,1
C18292,1
C18293,2
C18294,0
C18296,0
C18297,0
C18298,0
C18299,0
C18300,0
C18301,0
C18302,0
C18303,0
C18304,0
C18305,0
C18306,0
C18307,0
C18308,2
C18309,0
C18310,0
C18311,0
C18312,0
C18313,0
C18314,0
C18315,0
C18316,0
C18317,0
C18318,0
C18319,0
C18320,0
C18321,0
C18322,0
C18323,0
C18324,0
C18326,0
C18327,0
C18328,0
C18329,0
C18330,0
C18331,0
C18332,0
C18333,0
C18334,0
C18335,0
C18336,0
C18337,0
C18338,0
C18339,2
C18340,2
C18341,0
C18342,2
C18343,0
C18344,0
C18345,0
C18346,0
C18347,2
C18348,0
C18349,0
C18350,0
C18351,0
C18352,0
C18353,0
C18354,0
C18355,0
C18356,0
C18357,0
C18358,2
C18359,0
C18360,2
C18361,0
C18362,0
C18363,0
C18364,0
C18365,2
C18366,0
C18367,0
C18368,2
C18369,0
C18370,2
C18371,2
C18372,0
C18373,0
C18374,2
C18375,0
C18376,0
C18377,0
C18378,0
C18379,0
C18380,2
C18381,0
C18382,0
C18383,0
C18384,0
C18385,0
C18386,0
C18387,0
C18388,0
C18389,0
C18390,0
C18391,0
C18392,0
C18393,0
C18394,0
C18395,0
C18396,0
C18397,0
C18398,0
C18399,0
C18400,2
C18401,0
C18402,2
C18403,0
C18404,0
C18405,0
C18406,0
C18407,0
C18408,0
C18409,0
C18410,0
C18411,0
C18412,0
C18413,2
C18414,0
C18415,2
C18416,0
C18417,0
C18418,0
C18419,0
C18420,0
C18421,0
C18422,0
C18423,0
C18424,2
C18425,0
C18426,0
C18427,0
C18428,2
C18429,0
C18430,0
C18431,0
C18432,0
C18433,0
C18434,0
C18435,1
C18436,0
C18437,2
C18438,0
C18439,0
C18440,0
C18441,0
C18442,0
C18443,2
C18444,0
C18445,0
C18446,0
C18447,2
C18449,0
C18450,0
C18451,0
C18452,0
C18453,0
C18454,0
C18455,0
C18456,0
C18457,0
C18458,2
C18459,0
C18460,1
C18461,2
C18462,0
C18463,0
C18464,2
C18465,0
C18466,0
C18467,0
C18468,0
C18469,0
C18470,0
C18471,0
C18472,2
C18473,0
C18474,0
C18475,0
C18476,0
C18477,1
C18478,0
C18479,2
C18480,1
C18481,0
C18482,0
C18483,0
C18484,0
C18485,0
C18486,2
C18487,2
C18488,0
C18489,2
C18490,0
C18491,0
C18492,0
C18493,0
C18494,0
C18495,0
C18496,0
C18497,0
C18498,0
C18499,0
C18500,0
C18501,2
C18502,0
C18503,0
C18504,2
C18505,2
C18506,0
C18507,0
C18508,2
C18509,0
C18510,0
C18511,0
C18512,0
C18513,1
C18514,0
C18515,0
C18516,0
C18517,2
C18518,0
C18519,2
C18520,0
C18521,0
C18522,2
C18523,2
C18524,0
C18525,0
C18526,0
C18527,0
C18528,2
C18529,2
C18530,2
C18531,0
C18532,0
C18533,0
C18534,1
C18535,0
C18536,2
C18537,0
C18538,0
C18539,2
C18540,0
C18541,0
C18542,0
C18543,0
C18544,0
C18545,0
C18546,1
C18547,0
C18548,0
C18549,0
C18550,0
C18551,0
C18552,0
C18553,0
C18554,0
C18555,0
C18556,0
C18557,0
C18558,0
C18559,0
C18560,0
C18561,0
C18562,0
C18563,0
C18564,0
C18565,0
C18566,0
C18567,0
C18568,0
C18569,0
C18570,0
C18571,2
C18572,0
C18573,0
C18574,0
C18575,0
C18577,0
C18578,0
C18579,0
C18580,0
C18582,0
C18583,0
C18584,0
C18585,0
C18586,0
C18587,0
C18588,2
C18589,0
C18590,0
C18591,0
C18592,0
C18593,0
C18594,2
C18595,0
C18596,0
C18598,0
C18599,0
C18600,0
C18601,2
C18602,0
C18603,0
C18604,0
C18605,0
C18606,0
C18607,0
C18608,0
C18609,0
C18610,0
C18611,0
C18613,0
C18614,0
C18615,0
C18616,2
C18617,0
C18618,0
C18619,0
C18620,0
C18621,1
C18622,0
C18623,0
C18624,0
C18625,0
C18626,0
C18627,0
C18628,0
C18629,0
C18631,0
C18632,0
C18633,0
C18634,0
C18635,0
C18636,2
C18637,2
C18638,0
C18639,0
C18640,0
C18641,0
C18642,0
C18643,0
C18644,0
C18645,0
C18646,0
C18647,0
C18648,2
C18649,0
C18650,0
C18652,0
C18653,0
C18654,0
C18655,0
C18656,0
C18657,0
C18658,0
C18660,0
C18661,0
C18662,0
C18663,0
C18664,2
C18665,0
C18666,2
C18667,0
C18668,0
C18669,0
C18671,0
C18672,0
C18673,0
C18674,0
C18675,0
C18676,0
C18677,0
C18678,0
C18679,0
C18680,2
C18682,1
C18683,2
C18684,1
C18685,0
C18686,0
C18687,2
C18688,0
C18689,0
C18690,0
C18691,0
C18692,0
C18693,0
C18694,0
C18695,1
C18696,0
C18697,0
C18698,0
C18699,1
C18700,0
C18701,0
C18702,0
C18703,0
C18704,0
C18705,0
C18706,0
C18707,0
C18708,0
C18709,2
C18710,0
C18711,0
C18712,0
C18713,0
C18714,0
C18715,0
C18716,0
C18717,0
C18718,0
C18719,1
C18720,0
C18721,0
C18722,0
C18723,0
C18724,0
C18725,1
C18726,0
C18728,0
C18729,0
C18730,0
C18731,0
C18732,0
C18733,2
C18734,2
C18735,0
C18736,0
C18737,0
C18738,0
C18739,0
C18740,0
C18741,0
C18742,0
C18743,0
C18744,0
C18745,0
C18746,0
C18747,0
C18748,0
C18749,0
C18750,0
C18751,0
C18752,0
C18753,0
C18754,0
C18755,0
C18756,0
C18757,0
C18758,0
C18760,0
C18761,2
C18762,0
C18763,0
C18764,0
C18765,0
C18766,0
C18767,0
C18768,0
C18769,0
C18770,0
C18771,0
C18772,0
C18773,1
C18774,0
C18775,0
C18776,0
C18778,2
C18779,0
C18780,0
C18781,0
C18782,2
C18783,0
C18784,0
C18785,1
C18786,0
C18787,0
C18788,0
C18789,0
C18790,0
C18791,0
C18792,0
C18793,0
C18794,0
C18795,0
C18796,0
C18797,0
C18798,0
C18800,0
C18801,2
C18802,0
C18803,0
C18804,0
C18805,0
C18806,0
C18807,0
C18808,0
C18809,0
C18810,0
C18811,0
C18812,0
C18813,0
C18814,0
C18815,0
C18816,2
C18817,0
C18818,2
C18819,0
C18820,0
C18821,0
C18822,0
C18823,0
C18824,0
C18825,0
C18826,0
C18827,0
C18828,0
C18829,0
C18830,0
C18831,0
C18832,0
C18833,2
C18834,0
C18835,0
C18836,0
C18837,0
C18838,0
C18839,0
C18840,0
C18841,0
C18842,0
C18843,2
C18844,0
C18845,1
C18846,0
C18847,0
C18848,0
C18849,0
C18850,0
C18851,0
C18852,0
C18853,0
C18854,0
C18855,0
C18856,0
C18857,0
C18858,0
C18859,0
C18860,2
C18861,0
C18862,0
C18863,0
C18864,0
C18865,0
C18866,0
C18867,0
C18868,0
C18869,0
C18870,0
C18871,0
C18872,0
C18873,2
C18874,0
C18875,0
C18877,0
C18878,0
C18879,0
C18880,0
C18881,0
C18882,0
C18883,0
C18885,2
C18886,0
C18887,2
C18888,0
C18889,0
C18890,0
C18891,0
C18892,0
C18893,0
C18895,0
C18896,0
C18897,0
C18898,1
C18899,1
C18900,0
C18901,0
C18902,0
C18903,0
C18904,0
C18905,0
C18906,0
C18907,0
C18908,0
C18909,2
C18910,0
C18911,0
C18912,0
C18913,0
C18914,0
C18915,2
C18916,0
C18917,0
C18918,0
C18919,0
C18920,0
C18921,2
C18922,0
C18923,0
C18924,0
C18925,2
C18926,1
C18927,0
C18928,0
C18929,0
C18930,0
C18931,2
C18932,0
C18933,0
C18934,0
C18935,1
C18936,0
C18937,0
C18938,0
C18939,0
C18940,0
C18941,0
C18942,2
C18943,0
C18944,1
C18945,0
C18946,0
C18947,0
C18948,0
C18949,0
C18950,0
C18951,0
C18952,0
C18953,0
C18954,0
C18955,0
C18956,0
C18957,0
C18958,0
C18959,0
C18960,0
C18961,2
C18962,0
C18963,0
C18964,0
C18965,0
C18966,2
C18967,0
C18968,0
C18969,2
C18970,0
C18971,0
C18972,0
C18973,2
C18975,1
C18976,0
C18977,0
C18978,2
C18979,0
C18980,0
C18982,0
C18983,0
C18984,0
C18985,0
C18986,0
C18987,0
C18988,0
C18989,0
C18990,0
C18991,0
C18992,0
C18993,0
C18994,0
C18995,0
C18996,2
C18997,0
C18998,0
C18999,0
C19000,0
C19001,0
C19002,0
C19003,0
C19004,0
C19005,0
C19006,0
C19007,0
C19008,0
C19009,0
C19010,0
C19011,0
C19012,0
C19013,0
C19014,0
C19015,0
C19016,2
C19017,0
C19018,0
C19019,2
C19020,0
C19021,0
C19022,0
C19023,0
C19024,0
C19025,0
C19026,0
C19027,0
C19028,0
C19030,0
C19031,0
C19032,2
C19033,0
C19034,0
C19035,2
C19036,0
C19037,0
C19038,0
C19039,0
C19040,0
C19041,0
C19042,0
C19043,0
C19044,2
C19045,0
C19046,0
C19047,0
C19048,0
C19049,0
C19050,0
C19051,0
C19052,0
C19053,2
C19054,0
C19055,0
C19056,2
C19057,0
C19058,0
C19059,0
C19060,0
C19061,0
C19062,0
C19063,0
C19064,0
C19065,0
C19066,0
C19068,0
C19069,2
C19070,0
C19071,0
C19072,0
C19073,0
C19074,0
C19075,0
C19076,2
C19077,0
C19078,0
C19079,2
C19080,2
C19081,2
C19082,0
C19083,0
C19084,0
C19085,0
C19086,2
C19087,0
C19088,0
C19089,0
C19090,0
C19091,0
C19092,0
C19093,0
C19094,0
C19095,0
C19096,0
C19097,1
C19098,2
C19099,2
C19100,0
C19101,0
C19102,0
C19103,0
C19104,0
C19105,0
C19106,0
C19107,0
C19108,0
C19109,2
C19110,2
C19111,0
C19112,0
C19113,0
C19114,0
C19115,0
C19116,0
C19117,0
C19118,0
C19119,0
C19120,0
C19121,0
C19122,0
C19123,0
C19124,0
C19125,0
C19126,0
C19127,0
C19128,0
C19129,0
C19130,0
C19131,0
C19132,0
C19133,0
C19134,0
C19135,0
C19136,0
C19137,0
C19138,0
C19139,0
C19140,0
C19141,0
C19142,0
C19143,0
C19144,0
C19145,0
C19146,0
C19147,0
C19148,0
C19149,0
C19150,0
C19151,0
C19152,0
C19153,0
C19154,0
C19155,2
C19156,2
C19157,0
C19158,2
C19159,0
C19160,0
C19161,0
C19162,0
C19163,0
C19164,0
C19165,0
C19166,0
C19167,0
C19168,0
C19169,0
C19170,0
C19171,0
C19172,0
C19173,0
C19174,0
C19175,0
C19176,0
C19177,0
C19178,0
C19179,0
C19180,0
C19181,0
C19182,2
C19183,0
C19184,0
C19185,0
C19186,0
C19187,0
C19188,0
C19189,0
C19190,0
